[2026-09-05T22:27:28.818957+00:00] Tiago (geral)
Traceback (most recent call last):
  File "/home/runner/work/Binario_Cloud_Metas_de_Diretorias/Binario_Cloud_Metas_de_Diretorias/automation/sync_clickup.py", line 558, in main
    if sync_metas_file(os.path.join(DIR, "tiago.json"), TIAGO_LIST_ID):
       ^^^^^^^^^^^^^^^^^^^^^^^^^^^^^^^^^^^^^^^^^^^^^^^^^^^^^^^^^^^^^^^
  File "/home/runner/work/Binario_Cloud_Metas_de_Diretorias/Binario_Cloud_Metas_de_Diretorias/automation/sync_clickup.py", line 325, in sync_metas_file
    live_tasks = api_get_all_tasks(list_id)
                 ^^^^^^^^^^^^^^^^^^^^^^^^^^
  File "/home/runner/work/Binario_Cloud_Metas_de_Diretorias/Binario_Cloud_Metas_de_Diretorias/automation/sync_clickup.py", line 128, in api_get_all_tasks
    resp = api_get(f"/list/{list_id}/task?subtasks=false&include_closed=true&page={page}{extra_params}")
           ^^^^^^^^^^^^^^^^^^^^^^^^^^^^^^^^^^^^^^^^^^^^^^^^^^^^^^^^^^^^^^^^^^^^^^^^^^^^^^^^^^^^^^^^^^^^^
  File "/home/runner/work/Binario_Cloud_Metas_de_Diretorias/Binario_Cloud_Metas_de_Diretorias/automation/sync_clickup.py", line 106, in api_get
    with urllib.request.urlopen(req, timeout=30) as resp:
         ^^^^^^^^^^^^^^^^^^^^^^^^^^^^^^^^^^^^^^^
  File "/usr/lib/python3.12/urllib/request.py", line 215, in urlopen
    return opener.open(url, data, timeout)
           ^^^^^^^^^^^^^^^^^^^^^^^^^^^^^^^
  File "/usr/lib/python3.12/urllib/request.py", line 521, in open
    response = meth(req, response)
               ^^^^^^^^^^^^^^^^^^^
  File "/usr/lib/python3.12/urllib/request.py", line 630, in http_response
    response = self.parent.error(
               ^^^^^^^^^^^^^^^^^^
  File "/usr/lib/python3.12/urllib/request.py", line 559, in error
    return self._call_chain(*args)
           ^^^^^^^^^^^^^^^^^^^^^^^
  File "/usr/lib/python3.12/urllib/request.py", line 492, in _call_chain
    result = func(*args)
             ^^^^^^^^^^^
  File "/usr/lib/python3.12/urllib/request.py", line 639, in http_error_default
    raise HTTPError(req.full_url, code, msg, hdrs, fp)
urllib.error.HTTPError: HTTP Error 401: Unauthorized

----------------------------------------------------------------------
[2026-09-05T22:27:28.910046+00:00] RoadMap (geral)
Traceback (most recent call last):
  File "/home/runner/work/Binario_Cloud_Metas_de_Diretorias/Binario_Cloud_Metas_de_Diretorias/automation/sync_clickup.py", line 570, in main
    if sync_roadmap_file(os.path.join(DIR, "roadmap.json"), ROADMAP_LIST_ID):
       ^^^^^^^^^^^^^^^^^^^^^^^^^^^^^^^^^^^^^^^^^^^^^^^^^^^^^^^^^^^^^^^^^^^^^
  File "/home/runner/work/Binario_Cloud_Metas_de_Diretorias/Binario_Cloud_Metas_de_Diretorias/automation/sync_clickup.py", line 454, in sync_roadmap_file
    live_tasks = api_get_all_tasks(list_id)
                 ^^^^^^^^^^^^^^^^^^^^^^^^^^
  File "/home/runner/work/Binario_Cloud_Metas_de_Diretorias/Binario_Cloud_Metas_de_Diretorias/automation/sync_clickup.py", line 128, in api_get_all_tasks
    resp = api_get(f"/list/{list_id}/task?subtasks=false&include_closed=true&page={page}{extra_params}")
           ^^^^^^^^^^^^^^^^^^^^^^^^^^^^^^^^^^^^^^^^^^^^^^^^^^^^^^^^^^^^^^^^^^^^^^^^^^^^^^^^^^^^^^^^^^^^^
  File "/home/runner/work/Binario_Cloud_Metas_de_Diretorias/Binario_Cloud_Metas_de_Diretorias/automation/sync_clickup.py", line 106, in api_get
    with urllib.request.urlopen(req, timeout=30) as resp:
         ^^^^^^^^^^^^^^^^^^^^^^^^^^^^^^^^^^^^^^^
  File "/usr/lib/python3.12/urllib/request.py", line 215, in urlopen
    return opener.open(url, data, timeout)
           ^^^^^^^^^^^^^^^^^^^^^^^^^^^^^^^
  File "/usr/lib/python3.12/urllib/request.py", line 521, in open
    response = meth(req, response)
               ^^^^^^^^^^^^^^^^^^^
  File "/usr/lib/python3.12/urllib/request.py", line 630, in http_response
    response = self.parent.error(
               ^^^^^^^^^^^^^^^^^^
  File "/usr/lib/python3.12/urllib/request.py", line 559, in error
    return self._call_chain(*args)
           ^^^^^^^^^^^^^^^^^^^^^^^
  File "/usr/lib/python3.12/urllib/request.py", line 492, in _call_chain
    result = func(*args)
             ^^^^^^^^^^^
  File "/usr/lib/python3.12/urllib/request.py", line 639, in http_error_default
    raise HTTPError(req.full_url, code, msg, hdrs, fp)
urllib.error.HTTPError: HTTP Error 401: Unauthorized

----------------------------------------------------------------------
[2026-09-06T00:21:55.533517+00:00] Rafael (geral)
Traceback (most recent call last):
  File "/home/runner/work/Binario_Cloud_Metas_de_Diretorias/Binario_Cloud_Metas_de_Diretorias/automation/sync_clickup.py", line 546, in main
    if sync_metas_file(os.path.join(DIR, "rafael.json"), RAFAEL_LIST_ID):
       ^^^^^^^^^^^^^^^^^^^^^^^^^^^^^^^^^^^^^^^^^^^^^^^^^^^^^^^^^^^^^^^^^
  File "/home/runner/work/Binario_Cloud_Metas_de_Diretorias/Binario_Cloud_Metas_de_Diretorias/automation/sync_clickup.py", line 325, in sync_metas_file
    live_tasks = api_get_all_tasks(list_id)
                 ^^^^^^^^^^^^^^^^^^^^^^^^^^
  File "/home/runner/work/Binario_Cloud_Metas_de_Diretorias/Binario_Cloud_Metas_de_Diretorias/automation/sync_clickup.py", line 128, in api_get_all_tasks
    resp = api_get(f"/list/{list_id}/task?subtasks=false&include_closed=true&page={page}{extra_params}")
           ^^^^^^^^^^^^^^^^^^^^^^^^^^^^^^^^^^^^^^^^^^^^^^^^^^^^^^^^^^^^^^^^^^^^^^^^^^^^^^^^^^^^^^^^^^^^^
  File "/home/runner/work/Binario_Cloud_Metas_de_Diretorias/Binario_Cloud_Metas_de_Diretorias/automation/sync_clickup.py", line 106, in api_get
    with urllib.request.urlopen(req, timeout=30) as resp:
         ^^^^^^^^^^^^^^^^^^^^^^^^^^^^^^^^^^^^^^^
  File "/usr/lib/python3.12/urllib/request.py", line 215, in urlopen
    return opener.open(url, data, timeout)
           ^^^^^^^^^^^^^^^^^^^^^^^^^^^^^^^
  File "/usr/lib/python3.12/urllib/request.py", line 521, in open
    response = meth(req, response)
               ^^^^^^^^^^^^^^^^^^^
  File "/usr/lib/python3.12/urllib/request.py", line 630, in http_response
    response = self.parent.error(
               ^^^^^^^^^^^^^^^^^^
  File "/usr/lib/python3.12/urllib/request.py", line 559, in error
    return self._call_chain(*args)
           ^^^^^^^^^^^^^^^^^^^^^^^
  File "/usr/lib/python3.12/urllib/request.py", line 492, in _call_chain
    result = func(*args)
             ^^^^^^^^^^^
  File "/usr/lib/python3.12/urllib/request.py", line 639, in http_error_default
    raise HTTPError(req.full_url, code, msg, hdrs, fp)
urllib.error.HTTPError: HTTP Error 401: Unauthorized

----------------------------------------------------------------------
[2026-09-06T00:21:55.652898+00:00] Tiago (geral)
Traceback (most recent call last):
  File "/home/runner/work/Binario_Cloud_Metas_de_Diretorias/Binario_Cloud_Metas_de_Diretorias/automation/sync_clickup.py", line 558, in main
    if sync_metas_file(os.path.join(DIR, "tiago.json"), TIAGO_LIST_ID):
       ^^^^^^^^^^^^^^^^^^^^^^^^^^^^^^^^^^^^^^^^^^^^^^^^^^^^^^^^^^^^^^^
  File "/home/runner/work/Binario_Cloud_Metas_de_Diretorias/Binario_Cloud_Metas_de_Diretorias/automation/sync_clickup.py", line 325, in sync_metas_file
    live_tasks = api_get_all_tasks(list_id)
                 ^^^^^^^^^^^^^^^^^^^^^^^^^^
  File "/home/runner/work/Binario_Cloud_Metas_de_Diretorias/Binario_Cloud_Metas_de_Diretorias/automation/sync_clickup.py", line 128, in api_get_all_tasks
    resp = api_get(f"/list/{list_id}/task?subtasks=false&include_closed=true&page={page}{extra_params}")
           ^^^^^^^^^^^^^^^^^^^^^^^^^^^^^^^^^^^^^^^^^^^^^^^^^^^^^^^^^^^^^^^^^^^^^^^^^^^^^^^^^^^^^^^^^^^^^
  File "/home/runner/work/Binario_Cloud_Metas_de_Diretorias/Binario_Cloud_Metas_de_Diretorias/automation/sync_clickup.py", line 106, in api_get
    with urllib.request.urlopen(req, timeout=30) as resp:
         ^^^^^^^^^^^^^^^^^^^^^^^^^^^^^^^^^^^^^^^
  File "/usr/lib/python3.12/urllib/request.py", line 215, in urlopen
    return opener.open(url, data, timeout)
           ^^^^^^^^^^^^^^^^^^^^^^^^^^^^^^^
  File "/usr/lib/python3.12/urllib/request.py", line 521, in open
    response = meth(req, response)
               ^^^^^^^^^^^^^^^^^^^
  File "/usr/lib/python3.12/urllib/request.py", line 630, in http_response
    response = self.parent.error(
               ^^^^^^^^^^^^^^^^^^
  File "/usr/lib/python3.12/urllib/request.py", line 559, in error
    return self._call_chain(*args)
           ^^^^^^^^^^^^^^^^^^^^^^^
  File "/usr/lib/python3.12/urllib/request.py", line 492, in _call_chain
    result = func(*args)
             ^^^^^^^^^^^
  File "/usr/lib/python3.12/urllib/request.py", line 639, in http_error_default
    raise HTTPError(req.full_url, code, msg, hdrs, fp)
urllib.error.HTTPError: HTTP Error 401: Unauthorized

----------------------------------------------------------------------
[2026-09-06T00:21:55.731414+00:00] RoadMap (geral)
Traceback (most recent call last):
  File "/home/runner/work/Binario_Cloud_Metas_de_Diretorias/Binario_Cloud_Metas_de_Diretorias/automation/sync_clickup.py", line 570, in main
    if sync_roadmap_file(os.path.join(DIR, "roadmap.json"), ROADMAP_LIST_ID):
       ^^^^^^^^^^^^^^^^^^^^^^^^^^^^^^^^^^^^^^^^^^^^^^^^^^^^^^^^^^^^^^^^^^^^^
  File "/home/runner/work/Binario_Cloud_Metas_de_Diretorias/Binario_Cloud_Metas_de_Diretorias/automation/sync_clickup.py", line 454, in sync_roadmap_file
    live_tasks = api_get_all_tasks(list_id)
                 ^^^^^^^^^^^^^^^^^^^^^^^^^^
  File "/home/runner/work/Binario_Cloud_Metas_de_Diretorias/Binario_Cloud_Metas_de_Diretorias/automation/sync_clickup.py", line 128, in api_get_all_tasks
    resp = api_get(f"/list/{list_id}/task?subtasks=false&include_closed=true&page={page}{extra_params}")
           ^^^^^^^^^^^^^^^^^^^^^^^^^^^^^^^^^^^^^^^^^^^^^^^^^^^^^^^^^^^^^^^^^^^^^^^^^^^^^^^^^^^^^^^^^^^^^
  File "/home/runner/work/Binario_Cloud_Metas_de_Diretorias/Binario_Cloud_Metas_de_Diretorias/automation/sync_clickup.py", line 106, in api_get
    with urllib.request.urlopen(req, timeout=30) as resp:
         ^^^^^^^^^^^^^^^^^^^^^^^^^^^^^^^^^^^^^^^
  File "/usr/lib/python3.12/urllib/request.py", line 215, in urlopen
    return opener.open(url, data, timeout)
           ^^^^^^^^^^^^^^^^^^^^^^^^^^^^^^^
  File "/usr/lib/python3.12/urllib/request.py", line 521, in open
    response = meth(req, response)
               ^^^^^^^^^^^^^^^^^^^
  File "/usr/lib/python3.12/urllib/request.py", line 630, in http_response
    response = self.parent.error(
               ^^^^^^^^^^^^^^^^^^
  File "/usr/lib/python3.12/urllib/request.py", line 559, in error
    return self._call_chain(*args)
           ^^^^^^^^^^^^^^^^^^^^^^^
  File "/usr/lib/python3.12/urllib/request.py", line 492, in _call_chain
    result = func(*args)
             ^^^^^^^^^^^
  File "/usr/lib/python3.12/urllib/request.py", line 639, in http_error_default
    raise HTTPError(req.full_url, code, msg, hdrs, fp)
urllib.error.HTTPError: HTTP Error 401: Unauthorized

----------------------------------------------------------------------
[2026-09-06T05:16:40.205042+00:00] Rafael (geral)
Traceback (most recent call last):
  File "/home/runner/work/Binario_Cloud_Metas_de_Diretorias/Binario_Cloud_Metas_de_Diretorias/automation/sync_clickup.py", line 546, in main
    if sync_metas_file(os.path.join(DIR, "rafael.json"), RAFAEL_LIST_ID):
       ^^^^^^^^^^^^^^^^^^^^^^^^^^^^^^^^^^^^^^^^^^^^^^^^^^^^^^^^^^^^^^^^^
  File "/home/runner/work/Binario_Cloud_Metas_de_Diretorias/Binario_Cloud_Metas_de_Diretorias/automation/sync_clickup.py", line 325, in sync_metas_file
    live_tasks = api_get_all_tasks(list_id)
                 ^^^^^^^^^^^^^^^^^^^^^^^^^^
  File "/home/runner/work/Binario_Cloud_Metas_de_Diretorias/Binario_Cloud_Metas_de_Diretorias/automation/sync_clickup.py", line 128, in api_get_all_tasks
    resp = api_get(f"/list/{list_id}/task?subtasks=false&include_closed=true&page={page}{extra_params}")
           ^^^^^^^^^^^^^^^^^^^^^^^^^^^^^^^^^^^^^^^^^^^^^^^^^^^^^^^^^^^^^^^^^^^^^^^^^^^^^^^^^^^^^^^^^^^^^
  File "/home/runner/work/Binario_Cloud_Metas_de_Diretorias/Binario_Cloud_Metas_de_Diretorias/automation/sync_clickup.py", line 106, in api_get
    with urllib.request.urlopen(req, timeout=30) as resp:
         ^^^^^^^^^^^^^^^^^^^^^^^^^^^^^^^^^^^^^^^
  File "/usr/lib/python3.12/urllib/request.py", line 215, in urlopen
    return opener.open(url, data, timeout)
           ^^^^^^^^^^^^^^^^^^^^^^^^^^^^^^^
  File "/usr/lib/python3.12/urllib/request.py", line 521, in open
    response = meth(req, response)
               ^^^^^^^^^^^^^^^^^^^
  File "/usr/lib/python3.12/urllib/request.py", line 630, in http_response
    response = self.parent.error(
               ^^^^^^^^^^^^^^^^^^
  File "/usr/lib/python3.12/urllib/request.py", line 559, in error
    return self._call_chain(*args)
           ^^^^^^^^^^^^^^^^^^^^^^^
  File "/usr/lib/python3.12/urllib/request.py", line 492, in _call_chain
    result = func(*args)
             ^^^^^^^^^^^
  File "/usr/lib/python3.12/urllib/request.py", line 639, in http_error_default
    raise HTTPError(req.full_url, code, msg, hdrs, fp)
urllib.error.HTTPError: HTTP Error 401: Unauthorized

----------------------------------------------------------------------
[2026-09-06T05:16:40.366183+00:00] Tiago (geral)
Traceback (most recent call last):
  File "/home/runner/work/Binario_Cloud_Metas_de_Diretorias/Binario_Cloud_Metas_de_Diretorias/automation/sync_clickup.py", line 558, in main
    if sync_metas_file(os.path.join(DIR, "tiago.json"), TIAGO_LIST_ID):
       ^^^^^^^^^^^^^^^^^^^^^^^^^^^^^^^^^^^^^^^^^^^^^^^^^^^^^^^^^^^^^^^
  File "/home/runner/work/Binario_Cloud_Metas_de_Diretorias/Binario_Cloud_Metas_de_Diretorias/automation/sync_clickup.py", line 325, in sync_metas_file
    live_tasks = api_get_all_tasks(list_id)
                 ^^^^^^^^^^^^^^^^^^^^^^^^^^
  File "/home/runner/work/Binario_Cloud_Metas_de_Diretorias/Binario_Cloud_Metas_de_Diretorias/automation/sync_clickup.py", line 128, in api_get_all_tasks
    resp = api_get(f"/list/{list_id}/task?subtasks=false&include_closed=true&page={page}{extra_params}")
           ^^^^^^^^^^^^^^^^^^^^^^^^^^^^^^^^^^^^^^^^^^^^^^^^^^^^^^^^^^^^^^^^^^^^^^^^^^^^^^^^^^^^^^^^^^^^^
  File "/home/runner/work/Binario_Cloud_Metas_de_Diretorias/Binario_Cloud_Metas_de_Diretorias/automation/sync_clickup.py", line 106, in api_get
    with urllib.request.urlopen(req, timeout=30) as resp:
         ^^^^^^^^^^^^^^^^^^^^^^^^^^^^^^^^^^^^^^^
  File "/usr/lib/python3.12/urllib/request.py", line 215, in urlopen
    return opener.open(url, data, timeout)
           ^^^^^^^^^^^^^^^^^^^^^^^^^^^^^^^
  File "/usr/lib/python3.12/urllib/request.py", line 521, in open
    response = meth(req, response)
               ^^^^^^^^^^^^^^^^^^^
  File "/usr/lib/python3.12/urllib/request.py", line 630, in http_response
    response = self.parent.error(
               ^^^^^^^^^^^^^^^^^^
  File "/usr/lib/python3.12/urllib/request.py", line 559, in error
    return self._call_chain(*args)
           ^^^^^^^^^^^^^^^^^^^^^^^
  File "/usr/lib/python3.12/urllib/request.py", line 492, in _call_chain
    result = func(*args)
             ^^^^^^^^^^^
  File "/usr/lib/python3.12/urllib/request.py", line 639, in http_error_default
    raise HTTPError(req.full_url, code, msg, hdrs, fp)
urllib.error.HTTPError: HTTP Error 401: Unauthorized

----------------------------------------------------------------------
[2026-09-06T05:16:40.516808+00:00] RoadMap (geral)
Traceback (most recent call last):
  File "/home/runner/work/Binario_Cloud_Metas_de_Diretorias/Binario_Cloud_Metas_de_Diretorias/automation/sync_clickup.py", line 570, in main
    if sync_roadmap_file(os.path.join(DIR, "roadmap.json"), ROADMAP_LIST_ID):
       ^^^^^^^^^^^^^^^^^^^^^^^^^^^^^^^^^^^^^^^^^^^^^^^^^^^^^^^^^^^^^^^^^^^^^
  File "/home/runner/work/Binario_Cloud_Metas_de_Diretorias/Binario_Cloud_Metas_de_Diretorias/automation/sync_clickup.py", line 454, in sync_roadmap_file
    live_tasks = api_get_all_tasks(list_id)
                 ^^^^^^^^^^^^^^^^^^^^^^^^^^
  File "/home/runner/work/Binario_Cloud_Metas_de_Diretorias/Binario_Cloud_Metas_de_Diretorias/automation/sync_clickup.py", line 128, in api_get_all_tasks
    resp = api_get(f"/list/{list_id}/task?subtasks=false&include_closed=true&page={page}{extra_params}")
           ^^^^^^^^^^^^^^^^^^^^^^^^^^^^^^^^^^^^^^^^^^^^^^^^^^^^^^^^^^^^^^^^^^^^^^^^^^^^^^^^^^^^^^^^^^^^^
  File "/home/runner/work/Binario_Cloud_Metas_de_Diretorias/Binario_Cloud_Metas_de_Diretorias/automation/sync_clickup.py", line 106, in api_get
    with urllib.request.urlopen(req, timeout=30) as resp:
         ^^^^^^^^^^^^^^^^^^^^^^^^^^^^^^^^^^^^^^^
  File "/usr/lib/python3.12/urllib/request.py", line 215, in urlopen
    return opener.open(url, data, timeout)
           ^^^^^^^^^^^^^^^^^^^^^^^^^^^^^^^
  File "/usr/lib/python3.12/urllib/request.py", line 521, in open
    response = meth(req, response)
               ^^^^^^^^^^^^^^^^^^^
  File "/usr/lib/python3.12/urllib/request.py", line 630, in http_response
    response = self.parent.error(
               ^^^^^^^^^^^^^^^^^^
  File "/usr/lib/python3.12/urllib/request.py", line 559, in error
    return self._call_chain(*args)
           ^^^^^^^^^^^^^^^^^^^^^^^
  File "/usr/lib/python3.12/urllib/request.py", line 492, in _call_chain
    result = func(*args)
             ^^^^^^^^^^^
  File "/usr/lib/python3.12/urllib/request.py", line 639, in http_error_default
    raise HTTPError(req.full_url, code, msg, hdrs, fp)
urllib.error.HTTPError: HTTP Error 401: Unauthorized

----------------------------------------------------------------------
[2026-09-06T09:52:01.317632+00:00] Rafael (geral)
Traceback (most recent call last):
  File "/home/runner/work/Binario_Cloud_Metas_de_Diretorias/Binario_Cloud_Metas_de_Diretorias/automation/sync_clickup.py", line 546, in main
    if sync_metas_file(os.path.join(DIR, "rafael.json"), RAFAEL_LIST_ID):
       ^^^^^^^^^^^^^^^^^^^^^^^^^^^^^^^^^^^^^^^^^^^^^^^^^^^^^^^^^^^^^^^^^
  File "/home/runner/work/Binario_Cloud_Metas_de_Diretorias/Binario_Cloud_Metas_de_Diretorias/automation/sync_clickup.py", line 325, in sync_metas_file
    live_tasks = api_get_all_tasks(list_id)
                 ^^^^^^^^^^^^^^^^^^^^^^^^^^
  File "/home/runner/work/Binario_Cloud_Metas_de_Diretorias/Binario_Cloud_Metas_de_Diretorias/automation/sync_clickup.py", line 128, in api_get_all_tasks
    resp = api_get(f"/list/{list_id}/task?subtasks=false&include_closed=true&page={page}{extra_params}")
           ^^^^^^^^^^^^^^^^^^^^^^^^^^^^^^^^^^^^^^^^^^^^^^^^^^^^^^^^^^^^^^^^^^^^^^^^^^^^^^^^^^^^^^^^^^^^^
  File "/home/runner/work/Binario_Cloud_Metas_de_Diretorias/Binario_Cloud_Metas_de_Diretorias/automation/sync_clickup.py", line 106, in api_get
    with urllib.request.urlopen(req, timeout=30) as resp:
         ^^^^^^^^^^^^^^^^^^^^^^^^^^^^^^^^^^^^^^^
  File "/usr/lib/python3.12/urllib/request.py", line 215, in urlopen
    return opener.open(url, data, timeout)
           ^^^^^^^^^^^^^^^^^^^^^^^^^^^^^^^
  File "/usr/lib/python3.12/urllib/request.py", line 521, in open
    response = meth(req, response)
               ^^^^^^^^^^^^^^^^^^^
  File "/usr/lib/python3.12/urllib/request.py", line 630, in http_response
    response = self.parent.error(
               ^^^^^^^^^^^^^^^^^^
  File "/usr/lib/python3.12/urllib/request.py", line 559, in error
    return self._call_chain(*args)
           ^^^^^^^^^^^^^^^^^^^^^^^
  File "/usr/lib/python3.12/urllib/request.py", line 492, in _call_chain
    result = func(*args)
             ^^^^^^^^^^^
  File "/usr/lib/python3.12/urllib/request.py", line 639, in http_error_default
    raise HTTPError(req.full_url, code, msg, hdrs, fp)
urllib.error.HTTPError: HTTP Error 401: Unauthorized

----------------------------------------------------------------------
[2026-09-06T09:52:01.455886+00:00] Tiago (geral)
Traceback (most recent call last):
  File "/home/runner/work/Binario_Cloud_Metas_de_Diretorias/Binario_Cloud_Metas_de_Diretorias/automation/sync_clickup.py", line 558, in main
    if sync_metas_file(os.path.join(DIR, "tiago.json"), TIAGO_LIST_ID):
       ^^^^^^^^^^^^^^^^^^^^^^^^^^^^^^^^^^^^^^^^^^^^^^^^^^^^^^^^^^^^^^^
  File "/home/runner/work/Binario_Cloud_Metas_de_Diretorias/Binario_Cloud_Metas_de_Diretorias/automation/sync_clickup.py", line 325, in sync_metas_file
    live_tasks = api_get_all_tasks(list_id)
                 ^^^^^^^^^^^^^^^^^^^^^^^^^^
  File "/home/runner/work/Binario_Cloud_Metas_de_Diretorias/Binario_Cloud_Metas_de_Diretorias/automation/sync_clickup.py", line 128, in api_get_all_tasks
    resp = api_get(f"/list/{list_id}/task?subtasks=false&include_closed=true&page={page}{extra_params}")
           ^^^^^^^^^^^^^^^^^^^^^^^^^^^^^^^^^^^^^^^^^^^^^^^^^^^^^^^^^^^^^^^^^^^^^^^^^^^^^^^^^^^^^^^^^^^^^
  File "/home/runner/work/Binario_Cloud_Metas_de_Diretorias/Binario_Cloud_Metas_de_Diretorias/automation/sync_clickup.py", line 106, in api_get
    with urllib.request.urlopen(req, timeout=30) as resp:
         ^^^^^^^^^^^^^^^^^^^^^^^^^^^^^^^^^^^^^^^
  File "/usr/lib/python3.12/urllib/request.py", line 215, in urlopen
    return opener.open(url, data, timeout)
           ^^^^^^^^^^^^^^^^^^^^^^^^^^^^^^^
  File "/usr/lib/python3.12/urllib/request.py", line 521, in open
    response = meth(req, response)
               ^^^^^^^^^^^^^^^^^^^
  File "/usr/lib/python3.12/urllib/request.py", line 630, in http_response
    response = self.parent.error(
               ^^^^^^^^^^^^^^^^^^
  File "/usr/lib/python3.12/urllib/request.py", line 559, in error
    return self._call_chain(*args)
           ^^^^^^^^^^^^^^^^^^^^^^^
  File "/usr/lib/python3.12/urllib/request.py", line 492, in _call_chain
    result = func(*args)
             ^^^^^^^^^^^
  File "/usr/lib/python3.12/urllib/request.py", line 639, in http_error_default
    raise HTTPError(req.full_url, code, msg, hdrs, fp)
urllib.error.HTTPError: HTTP Error 401: Unauthorized

----------------------------------------------------------------------
[2026-09-06T09:52:01.622269+00:00] RoadMap (geral)
Traceback (most recent call last):
  File "/home/runner/work/Binario_Cloud_Metas_de_Diretorias/Binario_Cloud_Metas_de_Diretorias/automation/sync_clickup.py", line 570, in main
    if sync_roadmap_file(os.path.join(DIR, "roadmap.json"), ROADMAP_LIST_ID):
       ^^^^^^^^^^^^^^^^^^^^^^^^^^^^^^^^^^^^^^^^^^^^^^^^^^^^^^^^^^^^^^^^^^^^^
  File "/home/runner/work/Binario_Cloud_Metas_de_Diretorias/Binario_Cloud_Metas_de_Diretorias/automation/sync_clickup.py", line 454, in sync_roadmap_file
    live_tasks = api_get_all_tasks(list_id)
                 ^^^^^^^^^^^^^^^^^^^^^^^^^^
  File "/home/runner/work/Binario_Cloud_Metas_de_Diretorias/Binario_Cloud_Metas_de_Diretorias/automation/sync_clickup.py", line 128, in api_get_all_tasks
    resp = api_get(f"/list/{list_id}/task?subtasks=false&include_closed=true&page={page}{extra_params}")
           ^^^^^^^^^^^^^^^^^^^^^^^^^^^^^^^^^^^^^^^^^^^^^^^^^^^^^^^^^^^^^^^^^^^^^^^^^^^^^^^^^^^^^^^^^^^^^
  File "/home/runner/work/Binario_Cloud_Metas_de_Diretorias/Binario_Cloud_Metas_de_Diretorias/automation/sync_clickup.py", line 106, in api_get
    with urllib.request.urlopen(req, timeout=30) as resp:
         ^^^^^^^^^^^^^^^^^^^^^^^^^^^^^^^^^^^^^^^
  File "/usr/lib/python3.12/urllib/request.py", line 215, in urlopen
    return opener.open(url, data, timeout)
           ^^^^^^^^^^^^^^^^^^^^^^^^^^^^^^^
  File "/usr/lib/python3.12/urllib/request.py", line 521, in open
    response = meth(req, response)
               ^^^^^^^^^^^^^^^^^^^
  File "/usr/lib/python3.12/urllib/request.py", line 630, in http_response
    response = self.parent.error(
               ^^^^^^^^^^^^^^^^^^
  File "/usr/lib/python3.12/urllib/request.py", line 559, in error
    return self._call_chain(*args)
           ^^^^^^^^^^^^^^^^^^^^^^^
  File "/usr/lib/python3.12/urllib/request.py", line 492, in _call_chain
    result = func(*args)
             ^^^^^^^^^^^
  File "/usr/lib/python3.12/urllib/request.py", line 639, in http_error_default
    raise HTTPError(req.full_url, code, msg, hdrs, fp)
urllib.error.HTTPError: HTTP Error 401: Unauthorized

----------------------------------------------------------------------
[2026-09-06T13:16:42.924755+00:00] Rafael (geral)
Traceback (most recent call last):
  File "/home/runner/work/Binario_Cloud_Metas_de_Diretorias/Binario_Cloud_Metas_de_Diretorias/automation/sync_clickup.py", line 546, in main
    if sync_metas_file(os.path.join(DIR, "rafael.json"), RAFAEL_LIST_ID):
       ^^^^^^^^^^^^^^^^^^^^^^^^^^^^^^^^^^^^^^^^^^^^^^^^^^^^^^^^^^^^^^^^^
  File "/home/runner/work/Binario_Cloud_Metas_de_Diretorias/Binario_Cloud_Metas_de_Diretorias/automation/sync_clickup.py", line 325, in sync_metas_file
    live_tasks = api_get_all_tasks(list_id)
                 ^^^^^^^^^^^^^^^^^^^^^^^^^^
  File "/home/runner/work/Binario_Cloud_Metas_de_Diretorias/Binario_Cloud_Metas_de_Diretorias/automation/sync_clickup.py", line 128, in api_get_all_tasks
    resp = api_get(f"/list/{list_id}/task?subtasks=false&include_closed=true&page={page}{extra_params}")
           ^^^^^^^^^^^^^^^^^^^^^^^^^^^^^^^^^^^^^^^^^^^^^^^^^^^^^^^^^^^^^^^^^^^^^^^^^^^^^^^^^^^^^^^^^^^^^
  File "/home/runner/work/Binario_Cloud_Metas_de_Diretorias/Binario_Cloud_Metas_de_Diretorias/automation/sync_clickup.py", line 106, in api_get
    with urllib.request.urlopen(req, timeout=30) as resp:
         ^^^^^^^^^^^^^^^^^^^^^^^^^^^^^^^^^^^^^^^
  File "/usr/lib/python3.12/urllib/request.py", line 215, in urlopen
    return opener.open(url, data, timeout)
           ^^^^^^^^^^^^^^^^^^^^^^^^^^^^^^^
  File "/usr/lib/python3.12/urllib/request.py", line 521, in open
    response = meth(req, response)
               ^^^^^^^^^^^^^^^^^^^
  File "/usr/lib/python3.12/urllib/request.py", line 630, in http_response
    response = self.parent.error(
               ^^^^^^^^^^^^^^^^^^
  File "/usr/lib/python3.12/urllib/request.py", line 559, in error
    return self._call_chain(*args)
           ^^^^^^^^^^^^^^^^^^^^^^^
  File "/usr/lib/python3.12/urllib/request.py", line 492, in _call_chain
    result = func(*args)
             ^^^^^^^^^^^
  File "/usr/lib/python3.12/urllib/request.py", line 639, in http_error_default
    raise HTTPError(req.full_url, code, msg, hdrs, fp)
urllib.error.HTTPError: HTTP Error 401: Unauthorized

----------------------------------------------------------------------
[2026-09-06T13:16:42.993508+00:00] Tiago (geral)
Traceback (most recent call last):
  File "/home/runner/work/Binario_Cloud_Metas_de_Diretorias/Binario_Cloud_Metas_de_Diretorias/automation/sync_clickup.py", line 558, in main
    if sync_metas_file(os.path.join(DIR, "tiago.json"), TIAGO_LIST_ID):
       ^^^^^^^^^^^^^^^^^^^^^^^^^^^^^^^^^^^^^^^^^^^^^^^^^^^^^^^^^^^^^^^
  File "/home/runner/work/Binario_Cloud_Metas_de_Diretorias/Binario_Cloud_Metas_de_Diretorias/automation/sync_clickup.py", line 325, in sync_metas_file
    live_tasks = api_get_all_tasks(list_id)
                 ^^^^^^^^^^^^^^^^^^^^^^^^^^
  File "/home/runner/work/Binario_Cloud_Metas_de_Diretorias/Binario_Cloud_Metas_de_Diretorias/automation/sync_clickup.py", line 128, in api_get_all_tasks
    resp = api_get(f"/list/{list_id}/task?subtasks=false&include_closed=true&page={page}{extra_params}")
           ^^^^^^^^^^^^^^^^^^^^^^^^^^^^^^^^^^^^^^^^^^^^^^^^^^^^^^^^^^^^^^^^^^^^^^^^^^^^^^^^^^^^^^^^^^^^^
  File "/home/runner/work/Binario_Cloud_Metas_de_Diretorias/Binario_Cloud_Metas_de_Diretorias/automation/sync_clickup.py", line 106, in api_get
    with urllib.request.urlopen(req, timeout=30) as resp:
         ^^^^^^^^^^^^^^^^^^^^^^^^^^^^^^^^^^^^^^^
  File "/usr/lib/python3.12/urllib/request.py", line 215, in urlopen
    return opener.open(url, data, timeout)
           ^^^^^^^^^^^^^^^^^^^^^^^^^^^^^^^
  File "/usr/lib/python3.12/urllib/request.py", line 521, in open
    response = meth(req, response)
               ^^^^^^^^^^^^^^^^^^^
  File "/usr/lib/python3.12/urllib/request.py", line 630, in http_response
    response = self.parent.error(
               ^^^^^^^^^^^^^^^^^^
  File "/usr/lib/python3.12/urllib/request.py", line 559, in error
    return self._call_chain(*args)
           ^^^^^^^^^^^^^^^^^^^^^^^
  File "/usr/lib/python3.12/urllib/request.py", line 492, in _call_chain
    result = func(*args)
             ^^^^^^^^^^^
  File "/usr/lib/python3.12/urllib/request.py", line 639, in http_error_default
    raise HTTPError(req.full_url, code, msg, hdrs, fp)
urllib.error.HTTPError: HTTP Error 401: Unauthorized

----------------------------------------------------------------------
[2026-09-06T13:16:43.058789+00:00] RoadMap (geral)
Traceback (most recent call last):
  File "/home/runner/work/Binario_Cloud_Metas_de_Diretorias/Binario_Cloud_Metas_de_Diretorias/automation/sync_clickup.py", line 570, in main
    if sync_roadmap_file(os.path.join(DIR, "roadmap.json"), ROADMAP_LIST_ID):
       ^^^^^^^^^^^^^^^^^^^^^^^^^^^^^^^^^^^^^^^^^^^^^^^^^^^^^^^^^^^^^^^^^^^^^
  File "/home/runner/work/Binario_Cloud_Metas_de_Diretorias/Binario_Cloud_Metas_de_Diretorias/automation/sync_clickup.py", line 454, in sync_roadmap_file
    live_tasks = api_get_all_tasks(list_id)
                 ^^^^^^^^^^^^^^^^^^^^^^^^^^
  File "/home/runner/work/Binario_Cloud_Metas_de_Diretorias/Binario_Cloud_Metas_de_Diretorias/automation/sync_clickup.py", line 128, in api_get_all_tasks
    resp = api_get(f"/list/{list_id}/task?subtasks=false&include_closed=true&page={page}{extra_params}")
           ^^^^^^^^^^^^^^^^^^^^^^^^^^^^^^^^^^^^^^^^^^^^^^^^^^^^^^^^^^^^^^^^^^^^^^^^^^^^^^^^^^^^^^^^^^^^^
  File "/home/runner/work/Binario_Cloud_Metas_de_Diretorias/Binario_Cloud_Metas_de_Diretorias/automation/sync_clickup.py", line 106, in api_get
    with urllib.request.urlopen(req, timeout=30) as resp:
         ^^^^^^^^^^^^^^^^^^^^^^^^^^^^^^^^^^^^^^^
  File "/usr/lib/python3.12/urllib/request.py", line 215, in urlopen
    return opener.open(url, data, timeout)
           ^^^^^^^^^^^^^^^^^^^^^^^^^^^^^^^
  File "/usr/lib/python3.12/urllib/request.py", line 521, in open
    response = meth(req, response)
               ^^^^^^^^^^^^^^^^^^^
  File "/usr/lib/python3.12/urllib/request.py", line 630, in http_response
    response = self.parent.error(
               ^^^^^^^^^^^^^^^^^^
  File "/usr/lib/python3.12/urllib/request.py", line 559, in error
    return self._call_chain(*args)
           ^^^^^^^^^^^^^^^^^^^^^^^
  File "/usr/lib/python3.12/urllib/request.py", line 492, in _call_chain
    result = func(*args)
             ^^^^^^^^^^^
  File "/usr/lib/python3.12/urllib/request.py", line 639, in http_error_default
    raise HTTPError(req.full_url, code, msg, hdrs, fp)
urllib.error.HTTPError: HTTP Error 401: Unauthorized

----------------------------------------------------------------------
[2026-09-06T16:33:17.568060+00:00] Rafael (geral)
Traceback (most recent call last):
  File "/home/runner/work/Binario_Cloud_Metas_de_Diretorias/Binario_Cloud_Metas_de_Diretorias/automation/sync_clickup.py", line 546, in main
    if sync_metas_file(os.path.join(DIR, "rafael.json"), RAFAEL_LIST_ID):
       ^^^^^^^^^^^^^^^^^^^^^^^^^^^^^^^^^^^^^^^^^^^^^^^^^^^^^^^^^^^^^^^^^
  File "/home/runner/work/Binario_Cloud_Metas_de_Diretorias/Binario_Cloud_Metas_de_Diretorias/automation/sync_clickup.py", line 325, in sync_metas_file
    live_tasks = api_get_all_tasks(list_id)
                 ^^^^^^^^^^^^^^^^^^^^^^^^^^
  File "/home/runner/work/Binario_Cloud_Metas_de_Diretorias/Binario_Cloud_Metas_de_Diretorias/automation/sync_clickup.py", line 128, in api_get_all_tasks
    resp = api_get(f"/list/{list_id}/task?subtasks=false&include_closed=true&page={page}{extra_params}")
           ^^^^^^^^^^^^^^^^^^^^^^^^^^^^^^^^^^^^^^^^^^^^^^^^^^^^^^^^^^^^^^^^^^^^^^^^^^^^^^^^^^^^^^^^^^^^^
  File "/home/runner/work/Binario_Cloud_Metas_de_Diretorias/Binario_Cloud_Metas_de_Diretorias/automation/sync_clickup.py", line 106, in api_get
    with urllib.request.urlopen(req, timeout=30) as resp:
         ^^^^^^^^^^^^^^^^^^^^^^^^^^^^^^^^^^^^^^^
  File "/usr/lib/python3.12/urllib/request.py", line 215, in urlopen
    return opener.open(url, data, timeout)
           ^^^^^^^^^^^^^^^^^^^^^^^^^^^^^^^
  File "/usr/lib/python3.12/urllib/request.py", line 521, in open
    response = meth(req, response)
               ^^^^^^^^^^^^^^^^^^^
  File "/usr/lib/python3.12/urllib/request.py", line 630, in http_response
    response = self.parent.error(
               ^^^^^^^^^^^^^^^^^^
  File "/usr/lib/python3.12/urllib/request.py", line 559, in error
    return self._call_chain(*args)
           ^^^^^^^^^^^^^^^^^^^^^^^
  File "/usr/lib/python3.12/urllib/request.py", line 492, in _call_chain
    result = func(*args)
             ^^^^^^^^^^^
  File "/usr/lib/python3.12/urllib/request.py", line 639, in http_error_default
    raise HTTPError(req.full_url, code, msg, hdrs, fp)
urllib.error.HTTPError: HTTP Error 401: Unauthorized

----------------------------------------------------------------------
[2026-09-06T16:33:17.728080+00:00] Tiago (geral)
Traceback (most recent call last):
  File "/home/runner/work/Binario_Cloud_Metas_de_Diretorias/Binario_Cloud_Metas_de_Diretorias/automation/sync_clickup.py", line 558, in main
    if sync_metas_file(os.path.join(DIR, "tiago.json"), TIAGO_LIST_ID):
       ^^^^^^^^^^^^^^^^^^^^^^^^^^^^^^^^^^^^^^^^^^^^^^^^^^^^^^^^^^^^^^^
  File "/home/runner/work/Binario_Cloud_Metas_de_Diretorias/Binario_Cloud_Metas_de_Diretorias/automation/sync_clickup.py", line 325, in sync_metas_file
    live_tasks = api_get_all_tasks(list_id)
                 ^^^^^^^^^^^^^^^^^^^^^^^^^^
  File "/home/runner/work/Binario_Cloud_Metas_de_Diretorias/Binario_Cloud_Metas_de_Diretorias/automation/sync_clickup.py", line 128, in api_get_all_tasks
    resp = api_get(f"/list/{list_id}/task?subtasks=false&include_closed=true&page={page}{extra_params}")
           ^^^^^^^^^^^^^^^^^^^^^^^^^^^^^^^^^^^^^^^^^^^^^^^^^^^^^^^^^^^^^^^^^^^^^^^^^^^^^^^^^^^^^^^^^^^^^
  File "/home/runner/work/Binario_Cloud_Metas_de_Diretorias/Binario_Cloud_Metas_de_Diretorias/automation/sync_clickup.py", line 106, in api_get
    with urllib.request.urlopen(req, timeout=30) as resp:
         ^^^^^^^^^^^^^^^^^^^^^^^^^^^^^^^^^^^^^^^
  File "/usr/lib/python3.12/urllib/request.py", line 215, in urlopen
    return opener.open(url, data, timeout)
           ^^^^^^^^^^^^^^^^^^^^^^^^^^^^^^^
  File "/usr/lib/python3.12/urllib/request.py", line 521, in open
    response = meth(req, response)
               ^^^^^^^^^^^^^^^^^^^
  File "/usr/lib/python3.12/urllib/request.py", line 630, in http_response
    response = self.parent.error(
               ^^^^^^^^^^^^^^^^^^
  File "/usr/lib/python3.12/urllib/request.py", line 559, in error
    return self._call_chain(*args)
           ^^^^^^^^^^^^^^^^^^^^^^^
  File "/usr/lib/python3.12/urllib/request.py", line 492, in _call_chain
    result = func(*args)
             ^^^^^^^^^^^
  File "/usr/lib/python3.12/urllib/request.py", line 639, in http_error_default
    raise HTTPError(req.full_url, code, msg, hdrs, fp)
urllib.error.HTTPError: HTTP Error 401: Unauthorized

----------------------------------------------------------------------
[2026-09-06T16:33:17.868018+00:00] RoadMap (geral)
Traceback (most recent call last):
  File "/home/runner/work/Binario_Cloud_Metas_de_Diretorias/Binario_Cloud_Metas_de_Diretorias/automation/sync_clickup.py", line 570, in main
    if sync_roadmap_file(os.path.join(DIR, "roadmap.json"), ROADMAP_LIST_ID):
       ^^^^^^^^^^^^^^^^^^^^^^^^^^^^^^^^^^^^^^^^^^^^^^^^^^^^^^^^^^^^^^^^^^^^^
  File "/home/runner/work/Binario_Cloud_Metas_de_Diretorias/Binario_Cloud_Metas_de_Diretorias/automation/sync_clickup.py", line 454, in sync_roadmap_file
    live_tasks = api_get_all_tasks(list_id)
                 ^^^^^^^^^^^^^^^^^^^^^^^^^^
  File "/home/runner/work/Binario_Cloud_Metas_de_Diretorias/Binario_Cloud_Metas_de_Diretorias/automation/sync_clickup.py", line 128, in api_get_all_tasks
    resp = api_get(f"/list/{list_id}/task?subtasks=false&include_closed=true&page={page}{extra_params}")
           ^^^^^^^^^^^^^^^^^^^^^^^^^^^^^^^^^^^^^^^^^^^^^^^^^^^^^^^^^^^^^^^^^^^^^^^^^^^^^^^^^^^^^^^^^^^^^
  File "/home/runner/work/Binario_Cloud_Metas_de_Diretorias/Binario_Cloud_Metas_de_Diretorias/automation/sync_clickup.py", line 106, in api_get
    with urllib.request.urlopen(req, timeout=30) as resp:
         ^^^^^^^^^^^^^^^^^^^^^^^^^^^^^^^^^^^^^^^
  File "/usr/lib/python3.12/urllib/request.py", line 215, in urlopen
    return opener.open(url, data, timeout)
           ^^^^^^^^^^^^^^^^^^^^^^^^^^^^^^^
  File "/usr/lib/python3.12/urllib/request.py", line 521, in open
    response = meth(req, response)
               ^^^^^^^^^^^^^^^^^^^
  File "/usr/lib/python3.12/urllib/request.py", line 630, in http_response
    response = self.parent.error(
               ^^^^^^^^^^^^^^^^^^
  File "/usr/lib/python3.12/urllib/request.py", line 559, in error
    return self._call_chain(*args)
           ^^^^^^^^^^^^^^^^^^^^^^^
  File "/usr/lib/python3.12/urllib/request.py", line 492, in _call_chain
    result = func(*args)
             ^^^^^^^^^^^
  File "/usr/lib/python3.12/urllib/request.py", line 639, in http_error_default
    raise HTTPError(req.full_url, code, msg, hdrs, fp)
urllib.error.HTTPError: HTTP Error 401: Unauthorized

----------------------------------------------------------------------
[2026-09-06T18:43:56.470115+00:00] Rafael (geral)
Traceback (most recent call last):
  File "/home/runner/work/Binario_Cloud_Metas_de_Diretorias/Binario_Cloud_Metas_de_Diretorias/automation/sync_clickup.py", line 546, in main
    if sync_metas_file(os.path.join(DIR, "rafael.json"), RAFAEL_LIST_ID):
       ^^^^^^^^^^^^^^^^^^^^^^^^^^^^^^^^^^^^^^^^^^^^^^^^^^^^^^^^^^^^^^^^^
  File "/home/runner/work/Binario_Cloud_Metas_de_Diretorias/Binario_Cloud_Metas_de_Diretorias/automation/sync_clickup.py", line 325, in sync_metas_file
    live_tasks = api_get_all_tasks(list_id)
                 ^^^^^^^^^^^^^^^^^^^^^^^^^^
  File "/home/runner/work/Binario_Cloud_Metas_de_Diretorias/Binario_Cloud_Metas_de_Diretorias/automation/sync_clickup.py", line 128, in api_get_all_tasks
    resp = api_get(f"/list/{list_id}/task?subtasks=false&include_closed=true&page={page}{extra_params}")
           ^^^^^^^^^^^^^^^^^^^^^^^^^^^^^^^^^^^^^^^^^^^^^^^^^^^^^^^^^^^^^^^^^^^^^^^^^^^^^^^^^^^^^^^^^^^^^
  File "/home/runner/work/Binario_Cloud_Metas_de_Diretorias/Binario_Cloud_Metas_de_Diretorias/automation/sync_clickup.py", line 106, in api_get
    with urllib.request.urlopen(req, timeout=30) as resp:
         ^^^^^^^^^^^^^^^^^^^^^^^^^^^^^^^^^^^^^^^
  File "/usr/lib/python3.12/urllib/request.py", line 215, in urlopen
    return opener.open(url, data, timeout)
           ^^^^^^^^^^^^^^^^^^^^^^^^^^^^^^^
  File "/usr/lib/python3.12/urllib/request.py", line 521, in open
    response = meth(req, response)
               ^^^^^^^^^^^^^^^^^^^
  File "/usr/lib/python3.12/urllib/request.py", line 630, in http_response
    response = self.parent.error(
               ^^^^^^^^^^^^^^^^^^
  File "/usr/lib/python3.12/urllib/request.py", line 559, in error
    return self._call_chain(*args)
           ^^^^^^^^^^^^^^^^^^^^^^^
  File "/usr/lib/python3.12/urllib/request.py", line 492, in _call_chain
    result = func(*args)
             ^^^^^^^^^^^
  File "/usr/lib/python3.12/urllib/request.py", line 639, in http_error_default
    raise HTTPError(req.full_url, code, msg, hdrs, fp)
urllib.error.HTTPError: HTTP Error 401: Unauthorized

----------------------------------------------------------------------
[2026-09-06T18:43:56.589603+00:00] Tiago (geral)
Traceback (most recent call last):
  File "/home/runner/work/Binario_Cloud_Metas_de_Diretorias/Binario_Cloud_Metas_de_Diretorias/automation/sync_clickup.py", line 558, in main
    if sync_metas_file(os.path.join(DIR, "tiago.json"), TIAGO_LIST_ID):
       ^^^^^^^^^^^^^^^^^^^^^^^^^^^^^^^^^^^^^^^^^^^^^^^^^^^^^^^^^^^^^^^
  File "/home/runner/work/Binario_Cloud_Metas_de_Diretorias/Binario_Cloud_Metas_de_Diretorias/automation/sync_clickup.py", line 325, in sync_metas_file
    live_tasks = api_get_all_tasks(list_id)
                 ^^^^^^^^^^^^^^^^^^^^^^^^^^
  File "/home/runner/work/Binario_Cloud_Metas_de_Diretorias/Binario_Cloud_Metas_de_Diretorias/automation/sync_clickup.py", line 128, in api_get_all_tasks
    resp = api_get(f"/list/{list_id}/task?subtasks=false&include_closed=true&page={page}{extra_params}")
           ^^^^^^^^^^^^^^^^^^^^^^^^^^^^^^^^^^^^^^^^^^^^^^^^^^^^^^^^^^^^^^^^^^^^^^^^^^^^^^^^^^^^^^^^^^^^^
  File "/home/runner/work/Binario_Cloud_Metas_de_Diretorias/Binario_Cloud_Metas_de_Diretorias/automation/sync_clickup.py", line 106, in api_get
    with urllib.request.urlopen(req, timeout=30) as resp:
         ^^^^^^^^^^^^^^^^^^^^^^^^^^^^^^^^^^^^^^^
  File "/usr/lib/python3.12/urllib/request.py", line 215, in urlopen
    return opener.open(url, data, timeout)
           ^^^^^^^^^^^^^^^^^^^^^^^^^^^^^^^
  File "/usr/lib/python3.12/urllib/request.py", line 521, in open
    response = meth(req, response)
               ^^^^^^^^^^^^^^^^^^^
  File "/usr/lib/python3.12/urllib/request.py", line 630, in http_response
    response = self.parent.error(
               ^^^^^^^^^^^^^^^^^^
  File "/usr/lib/python3.12/urllib/request.py", line 559, in error
    return self._call_chain(*args)
           ^^^^^^^^^^^^^^^^^^^^^^^
  File "/usr/lib/python3.12/urllib/request.py", line 492, in _call_chain
    result = func(*args)
             ^^^^^^^^^^^
  File "/usr/lib/python3.12/urllib/request.py", line 639, in http_error_default
    raise HTTPError(req.full_url, code, msg, hdrs, fp)
urllib.error.HTTPError: HTTP Error 401: Unauthorized

----------------------------------------------------------------------
[2026-09-06T18:43:56.733363+00:00] RoadMap (geral)
Traceback (most recent call last):
  File "/home/runner/work/Binario_Cloud_Metas_de_Diretorias/Binario_Cloud_Metas_de_Diretorias/automation/sync_clickup.py", line 570, in main
    if sync_roadmap_file(os.path.join(DIR, "roadmap.json"), ROADMAP_LIST_ID):
       ^^^^^^^^^^^^^^^^^^^^^^^^^^^^^^^^^^^^^^^^^^^^^^^^^^^^^^^^^^^^^^^^^^^^^
  File "/home/runner/work/Binario_Cloud_Metas_de_Diretorias/Binario_Cloud_Metas_de_Diretorias/automation/sync_clickup.py", line 454, in sync_roadmap_file
    live_tasks = api_get_all_tasks(list_id)
                 ^^^^^^^^^^^^^^^^^^^^^^^^^^
  File "/home/runner/work/Binario_Cloud_Metas_de_Diretorias/Binario_Cloud_Metas_de_Diretorias/automation/sync_clickup.py", line 128, in api_get_all_tasks
    resp = api_get(f"/list/{list_id}/task?subtasks=false&include_closed=true&page={page}{extra_params}")
           ^^^^^^^^^^^^^^^^^^^^^^^^^^^^^^^^^^^^^^^^^^^^^^^^^^^^^^^^^^^^^^^^^^^^^^^^^^^^^^^^^^^^^^^^^^^^^
  File "/home/runner/work/Binario_Cloud_Metas_de_Diretorias/Binario_Cloud_Metas_de_Diretorias/automation/sync_clickup.py", line 106, in api_get
    with urllib.request.urlopen(req, timeout=30) as resp:
         ^^^^^^^^^^^^^^^^^^^^^^^^^^^^^^^^^^^^^^^
  File "/usr/lib/python3.12/urllib/request.py", line 215, in urlopen
    return opener.open(url, data, timeout)
           ^^^^^^^^^^^^^^^^^^^^^^^^^^^^^^^
  File "/usr/lib/python3.12/urllib/request.py", line 521, in open
    response = meth(req, response)
               ^^^^^^^^^^^^^^^^^^^
  File "/usr/lib/python3.12/urllib/request.py", line 630, in http_response
    response = self.parent.error(
               ^^^^^^^^^^^^^^^^^^
  File "/usr/lib/python3.12/urllib/request.py", line 559, in error
    return self._call_chain(*args)
           ^^^^^^^^^^^^^^^^^^^^^^^
  File "/usr/lib/python3.12/urllib/request.py", line 492, in _call_chain
    result = func(*args)
             ^^^^^^^^^^^
  File "/usr/lib/python3.12/urllib/request.py", line 639, in http_error_default
    raise HTTPError(req.full_url, code, msg, hdrs, fp)
urllib.error.HTTPError: HTTP Error 401: Unauthorized

----------------------------------------------------------------------
[2026-09-06T20:56:09.300720+00:00] Rafael (geral)
Traceback (most recent call last):
  File "/home/runner/work/Binario_Cloud_Metas_de_Diretorias/Binario_Cloud_Metas_de_Diretorias/automation/sync_clickup.py", line 546, in main
    if sync_metas_file(os.path.join(DIR, "rafael.json"), RAFAEL_LIST_ID):
       ^^^^^^^^^^^^^^^^^^^^^^^^^^^^^^^^^^^^^^^^^^^^^^^^^^^^^^^^^^^^^^^^^
  File "/home/runner/work/Binario_Cloud_Metas_de_Diretorias/Binario_Cloud_Metas_de_Diretorias/automation/sync_clickup.py", line 325, in sync_metas_file
    live_tasks = api_get_all_tasks(list_id)
                 ^^^^^^^^^^^^^^^^^^^^^^^^^^
  File "/home/runner/work/Binario_Cloud_Metas_de_Diretorias/Binario_Cloud_Metas_de_Diretorias/automation/sync_clickup.py", line 128, in api_get_all_tasks
    resp = api_get(f"/list/{list_id}/task?subtasks=false&include_closed=true&page={page}{extra_params}")
           ^^^^^^^^^^^^^^^^^^^^^^^^^^^^^^^^^^^^^^^^^^^^^^^^^^^^^^^^^^^^^^^^^^^^^^^^^^^^^^^^^^^^^^^^^^^^^
  File "/home/runner/work/Binario_Cloud_Metas_de_Diretorias/Binario_Cloud_Metas_de_Diretorias/automation/sync_clickup.py", line 106, in api_get
    with urllib.request.urlopen(req, timeout=30) as resp:
         ^^^^^^^^^^^^^^^^^^^^^^^^^^^^^^^^^^^^^^^
  File "/usr/lib/python3.12/urllib/request.py", line 215, in urlopen
    return opener.open(url, data, timeout)
           ^^^^^^^^^^^^^^^^^^^^^^^^^^^^^^^
  File "/usr/lib/python3.12/urllib/request.py", line 521, in open
    response = meth(req, response)
               ^^^^^^^^^^^^^^^^^^^
  File "/usr/lib/python3.12/urllib/request.py", line 630, in http_response
    response = self.parent.error(
               ^^^^^^^^^^^^^^^^^^
  File "/usr/lib/python3.12/urllib/request.py", line 559, in error
    return self._call_chain(*args)
           ^^^^^^^^^^^^^^^^^^^^^^^
  File "/usr/lib/python3.12/urllib/request.py", line 492, in _call_chain
    result = func(*args)
             ^^^^^^^^^^^
  File "/usr/lib/python3.12/urllib/request.py", line 639, in http_error_default
    raise HTTPError(req.full_url, code, msg, hdrs, fp)
urllib.error.HTTPError: HTTP Error 401: Unauthorized

----------------------------------------------------------------------
[2026-09-06T20:56:09.530869+00:00] Tiago (geral)
Traceback (most recent call last):
  File "/home/runner/work/Binario_Cloud_Metas_de_Diretorias/Binario_Cloud_Metas_de_Diretorias/automation/sync_clickup.py", line 558, in main
    if sync_metas_file(os.path.join(DIR, "tiago.json"), TIAGO_LIST_ID):
       ^^^^^^^^^^^^^^^^^^^^^^^^^^^^^^^^^^^^^^^^^^^^^^^^^^^^^^^^^^^^^^^
  File "/home/runner/work/Binario_Cloud_Metas_de_Diretorias/Binario_Cloud_Metas_de_Diretorias/automation/sync_clickup.py", line 325, in sync_metas_file
    live_tasks = api_get_all_tasks(list_id)
                 ^^^^^^^^^^^^^^^^^^^^^^^^^^
  File "/home/runner/work/Binario_Cloud_Metas_de_Diretorias/Binario_Cloud_Metas_de_Diretorias/automation/sync_clickup.py", line 128, in api_get_all_tasks
    resp = api_get(f"/list/{list_id}/task?subtasks=false&include_closed=true&page={page}{extra_params}")
           ^^^^^^^^^^^^^^^^^^^^^^^^^^^^^^^^^^^^^^^^^^^^^^^^^^^^^^^^^^^^^^^^^^^^^^^^^^^^^^^^^^^^^^^^^^^^^
  File "/home/runner/work/Binario_Cloud_Metas_de_Diretorias/Binario_Cloud_Metas_de_Diretorias/automation/sync_clickup.py", line 106, in api_get
    with urllib.request.urlopen(req, timeout=30) as resp:
         ^^^^^^^^^^^^^^^^^^^^^^^^^^^^^^^^^^^^^^^
  File "/usr/lib/python3.12/urllib/request.py", line 215, in urlopen
    return opener.open(url, data, timeout)
           ^^^^^^^^^^^^^^^^^^^^^^^^^^^^^^^
  File "/usr/lib/python3.12/urllib/request.py", line 521, in open
    response = meth(req, response)
               ^^^^^^^^^^^^^^^^^^^
  File "/usr/lib/python3.12/urllib/request.py", line 630, in http_response
    response = self.parent.error(
               ^^^^^^^^^^^^^^^^^^
  File "/usr/lib/python3.12/urllib/request.py", line 559, in error
    return self._call_chain(*args)
           ^^^^^^^^^^^^^^^^^^^^^^^
  File "/usr/lib/python3.12/urllib/request.py", line 492, in _call_chain
    result = func(*args)
             ^^^^^^^^^^^
  File "/usr/lib/python3.12/urllib/request.py", line 639, in http_error_default
    raise HTTPError(req.full_url, code, msg, hdrs, fp)
urllib.error.HTTPError: HTTP Error 401: Unauthorized

----------------------------------------------------------------------
[2026-09-06T20:56:09.655936+00:00] RoadMap (geral)
Traceback (most recent call last):
  File "/home/runner/work/Binario_Cloud_Metas_de_Diretorias/Binario_Cloud_Metas_de_Diretorias/automation/sync_clickup.py", line 570, in main
    if sync_roadmap_file(os.path.join(DIR, "roadmap.json"), ROADMAP_LIST_ID):
       ^^^^^^^^^^^^^^^^^^^^^^^^^^^^^^^^^^^^^^^^^^^^^^^^^^^^^^^^^^^^^^^^^^^^^
  File "/home/runner/work/Binario_Cloud_Metas_de_Diretorias/Binario_Cloud_Metas_de_Diretorias/automation/sync_clickup.py", line 454, in sync_roadmap_file
    live_tasks = api_get_all_tasks(list_id)
                 ^^^^^^^^^^^^^^^^^^^^^^^^^^
  File "/home/runner/work/Binario_Cloud_Metas_de_Diretorias/Binario_Cloud_Metas_de_Diretorias/automation/sync_clickup.py", line 128, in api_get_all_tasks
    resp = api_get(f"/list/{list_id}/task?subtasks=false&include_closed=true&page={page}{extra_params}")
           ^^^^^^^^^^^^^^^^^^^^^^^^^^^^^^^^^^^^^^^^^^^^^^^^^^^^^^^^^^^^^^^^^^^^^^^^^^^^^^^^^^^^^^^^^^^^^
  File "/home/runner/work/Binario_Cloud_Metas_de_Diretorias/Binario_Cloud_Metas_de_Diretorias/automation/sync_clickup.py", line 106, in api_get
    with urllib.request.urlopen(req, timeout=30) as resp:
         ^^^^^^^^^^^^^^^^^^^^^^^^^^^^^^^^^^^^^^^
  File "/usr/lib/python3.12/urllib/request.py", line 215, in urlopen
    return opener.open(url, data, timeout)
           ^^^^^^^^^^^^^^^^^^^^^^^^^^^^^^^
  File "/usr/lib/python3.12/urllib/request.py", line 521, in open
    response = meth(req, response)
               ^^^^^^^^^^^^^^^^^^^
  File "/usr/lib/python3.12/urllib/request.py", line 630, in http_response
    response = self.parent.error(
               ^^^^^^^^^^^^^^^^^^
  File "/usr/lib/python3.12/urllib/request.py", line 559, in error
    return self._call_chain(*args)
           ^^^^^^^^^^^^^^^^^^^^^^^
  File "/usr/lib/python3.12/urllib/request.py", line 492, in _call_chain
    result = func(*args)
             ^^^^^^^^^^^
  File "/usr/lib/python3.12/urllib/request.py", line 639, in http_error_default
    raise HTTPError(req.full_url, code, msg, hdrs, fp)
urllib.error.HTTPError: HTTP Error 401: Unauthorized

----------------------------------------------------------------------
[2026-09-06T22:35:26.646686+00:00] Rafael (geral)
Traceback (most recent call last):
  File "/home/runner/work/Binario_Cloud_Metas_de_Diretorias/Binario_Cloud_Metas_de_Diretorias/automation/sync_clickup.py", line 546, in main
    if sync_metas_file(os.path.join(DIR, "rafael.json"), RAFAEL_LIST_ID):
       ^^^^^^^^^^^^^^^^^^^^^^^^^^^^^^^^^^^^^^^^^^^^^^^^^^^^^^^^^^^^^^^^^
  File "/home/runner/work/Binario_Cloud_Metas_de_Diretorias/Binario_Cloud_Metas_de_Diretorias/automation/sync_clickup.py", line 325, in sync_metas_file
    live_tasks = api_get_all_tasks(list_id)
                 ^^^^^^^^^^^^^^^^^^^^^^^^^^
  File "/home/runner/work/Binario_Cloud_Metas_de_Diretorias/Binario_Cloud_Metas_de_Diretorias/automation/sync_clickup.py", line 128, in api_get_all_tasks
    resp = api_get(f"/list/{list_id}/task?subtasks=false&include_closed=true&page={page}{extra_params}")
           ^^^^^^^^^^^^^^^^^^^^^^^^^^^^^^^^^^^^^^^^^^^^^^^^^^^^^^^^^^^^^^^^^^^^^^^^^^^^^^^^^^^^^^^^^^^^^
  File "/home/runner/work/Binario_Cloud_Metas_de_Diretorias/Binario_Cloud_Metas_de_Diretorias/automation/sync_clickup.py", line 106, in api_get
    with urllib.request.urlopen(req, timeout=30) as resp:
         ^^^^^^^^^^^^^^^^^^^^^^^^^^^^^^^^^^^^^^^
  File "/usr/lib/python3.12/urllib/request.py", line 215, in urlopen
    return opener.open(url, data, timeout)
           ^^^^^^^^^^^^^^^^^^^^^^^^^^^^^^^
  File "/usr/lib/python3.12/urllib/request.py", line 521, in open
    response = meth(req, response)
               ^^^^^^^^^^^^^^^^^^^
  File "/usr/lib/python3.12/urllib/request.py", line 630, in http_response
    response = self.parent.error(
               ^^^^^^^^^^^^^^^^^^
  File "/usr/lib/python3.12/urllib/request.py", line 559, in error
    return self._call_chain(*args)
           ^^^^^^^^^^^^^^^^^^^^^^^
  File "/usr/lib/python3.12/urllib/request.py", line 492, in _call_chain
    result = func(*args)
             ^^^^^^^^^^^
  File "/usr/lib/python3.12/urllib/request.py", line 639, in http_error_default
    raise HTTPError(req.full_url, code, msg, hdrs, fp)
urllib.error.HTTPError: HTTP Error 401: Unauthorized

----------------------------------------------------------------------
[2026-09-06T22:35:26.800839+00:00] Tiago (geral)
Traceback (most recent call last):
  File "/home/runner/work/Binario_Cloud_Metas_de_Diretorias/Binario_Cloud_Metas_de_Diretorias/automation/sync_clickup.py", line 558, in main
    if sync_metas_file(os.path.join(DIR, "tiago.json"), TIAGO_LIST_ID):
       ^^^^^^^^^^^^^^^^^^^^^^^^^^^^^^^^^^^^^^^^^^^^^^^^^^^^^^^^^^^^^^^
  File "/home/runner/work/Binario_Cloud_Metas_de_Diretorias/Binario_Cloud_Metas_de_Diretorias/automation/sync_clickup.py", line 325, in sync_metas_file
    live_tasks = api_get_all_tasks(list_id)
                 ^^^^^^^^^^^^^^^^^^^^^^^^^^
  File "/home/runner/work/Binario_Cloud_Metas_de_Diretorias/Binario_Cloud_Metas_de_Diretorias/automation/sync_clickup.py", line 128, in api_get_all_tasks
    resp = api_get(f"/list/{list_id}/task?subtasks=false&include_closed=true&page={page}{extra_params}")
           ^^^^^^^^^^^^^^^^^^^^^^^^^^^^^^^^^^^^^^^^^^^^^^^^^^^^^^^^^^^^^^^^^^^^^^^^^^^^^^^^^^^^^^^^^^^^^
  File "/home/runner/work/Binario_Cloud_Metas_de_Diretorias/Binario_Cloud_Metas_de_Diretorias/automation/sync_clickup.py", line 106, in api_get
    with urllib.request.urlopen(req, timeout=30) as resp:
         ^^^^^^^^^^^^^^^^^^^^^^^^^^^^^^^^^^^^^^^
  File "/usr/lib/python3.12/urllib/request.py", line 215, in urlopen
    return opener.open(url, data, timeout)
           ^^^^^^^^^^^^^^^^^^^^^^^^^^^^^^^
  File "/usr/lib/python3.12/urllib/request.py", line 521, in open
    response = meth(req, response)
               ^^^^^^^^^^^^^^^^^^^
  File "/usr/lib/python3.12/urllib/request.py", line 630, in http_response
    response = self.parent.error(
               ^^^^^^^^^^^^^^^^^^
  File "/usr/lib/python3.12/urllib/request.py", line 559, in error
    return self._call_chain(*args)
           ^^^^^^^^^^^^^^^^^^^^^^^
  File "/usr/lib/python3.12/urllib/request.py", line 492, in _call_chain
    result = func(*args)
             ^^^^^^^^^^^
  File "/usr/lib/python3.12/urllib/request.py", line 639, in http_error_default
    raise HTTPError(req.full_url, code, msg, hdrs, fp)
urllib.error.HTTPError: HTTP Error 401: Unauthorized

----------------------------------------------------------------------
[2026-09-06T22:35:26.921943+00:00] RoadMap (geral)
Traceback (most recent call last):
  File "/home/runner/work/Binario_Cloud_Metas_de_Diretorias/Binario_Cloud_Metas_de_Diretorias/automation/sync_clickup.py", line 570, in main
    if sync_roadmap_file(os.path.join(DIR, "roadmap.json"), ROADMAP_LIST_ID):
       ^^^^^^^^^^^^^^^^^^^^^^^^^^^^^^^^^^^^^^^^^^^^^^^^^^^^^^^^^^^^^^^^^^^^^
  File "/home/runner/work/Binario_Cloud_Metas_de_Diretorias/Binario_Cloud_Metas_de_Diretorias/automation/sync_clickup.py", line 454, in sync_roadmap_file
    live_tasks = api_get_all_tasks(list_id)
                 ^^^^^^^^^^^^^^^^^^^^^^^^^^
  File "/home/runner/work/Binario_Cloud_Metas_de_Diretorias/Binario_Cloud_Metas_de_Diretorias/automation/sync_clickup.py", line 128, in api_get_all_tasks
    resp = api_get(f"/list/{list_id}/task?subtasks=false&include_closed=true&page={page}{extra_params}")
           ^^^^^^^^^^^^^^^^^^^^^^^^^^^^^^^^^^^^^^^^^^^^^^^^^^^^^^^^^^^^^^^^^^^^^^^^^^^^^^^^^^^^^^^^^^^^^
  File "/home/runner/work/Binario_Cloud_Metas_de_Diretorias/Binario_Cloud_Metas_de_Diretorias/automation/sync_clickup.py", line 106, in api_get
    with urllib.request.urlopen(req, timeout=30) as resp:
         ^^^^^^^^^^^^^^^^^^^^^^^^^^^^^^^^^^^^^^^
  File "/usr/lib/python3.12/urllib/request.py", line 215, in urlopen
    return opener.open(url, data, timeout)
           ^^^^^^^^^^^^^^^^^^^^^^^^^^^^^^^
  File "/usr/lib/python3.12/urllib/request.py", line 521, in open
    response = meth(req, response)
               ^^^^^^^^^^^^^^^^^^^
  File "/usr/lib/python3.12/urllib/request.py", line 630, in http_response
    response = self.parent.error(
               ^^^^^^^^^^^^^^^^^^
  File "/usr/lib/python3.12/urllib/request.py", line 559, in error
    return self._call_chain(*args)
           ^^^^^^^^^^^^^^^^^^^^^^^
  File "/usr/lib/python3.12/urllib/request.py", line 492, in _call_chain
    result = func(*args)
             ^^^^^^^^^^^
  File "/usr/lib/python3.12/urllib/request.py", line 639, in http_error_default
    raise HTTPError(req.full_url, code, msg, hdrs, fp)
urllib.error.HTTPError: HTTP Error 401: Unauthorized

----------------------------------------------------------------------
[2026-09-07T00:28:05.384223+00:00] Rafael (geral)
Traceback (most recent call last):
  File "/home/runner/work/Binario_Cloud_Metas_de_Diretorias/Binario_Cloud_Metas_de_Diretorias/automation/sync_clickup.py", line 546, in main
    if sync_metas_file(os.path.join(DIR, "rafael.json"), RAFAEL_LIST_ID):
       ^^^^^^^^^^^^^^^^^^^^^^^^^^^^^^^^^^^^^^^^^^^^^^^^^^^^^^^^^^^^^^^^^
  File "/home/runner/work/Binario_Cloud_Metas_de_Diretorias/Binario_Cloud_Metas_de_Diretorias/automation/sync_clickup.py", line 325, in sync_metas_file
    live_tasks = api_get_all_tasks(list_id)
                 ^^^^^^^^^^^^^^^^^^^^^^^^^^
  File "/home/runner/work/Binario_Cloud_Metas_de_Diretorias/Binario_Cloud_Metas_de_Diretorias/automation/sync_clickup.py", line 128, in api_get_all_tasks
    resp = api_get(f"/list/{list_id}/task?subtasks=false&include_closed=true&page={page}{extra_params}")
           ^^^^^^^^^^^^^^^^^^^^^^^^^^^^^^^^^^^^^^^^^^^^^^^^^^^^^^^^^^^^^^^^^^^^^^^^^^^^^^^^^^^^^^^^^^^^^
  File "/home/runner/work/Binario_Cloud_Metas_de_Diretorias/Binario_Cloud_Metas_de_Diretorias/automation/sync_clickup.py", line 106, in api_get
    with urllib.request.urlopen(req, timeout=30) as resp:
         ^^^^^^^^^^^^^^^^^^^^^^^^^^^^^^^^^^^^^^^
  File "/usr/lib/python3.12/urllib/request.py", line 215, in urlopen
    return opener.open(url, data, timeout)
           ^^^^^^^^^^^^^^^^^^^^^^^^^^^^^^^
  File "/usr/lib/python3.12/urllib/request.py", line 521, in open
    response = meth(req, response)
               ^^^^^^^^^^^^^^^^^^^
  File "/usr/lib/python3.12/urllib/request.py", line 630, in http_response
    response = self.parent.error(
               ^^^^^^^^^^^^^^^^^^
  File "/usr/lib/python3.12/urllib/request.py", line 559, in error
    return self._call_chain(*args)
           ^^^^^^^^^^^^^^^^^^^^^^^
  File "/usr/lib/python3.12/urllib/request.py", line 492, in _call_chain
    result = func(*args)
             ^^^^^^^^^^^
  File "/usr/lib/python3.12/urllib/request.py", line 639, in http_error_default
    raise HTTPError(req.full_url, code, msg, hdrs, fp)
urllib.error.HTTPError: HTTP Error 401: Unauthorized

----------------------------------------------------------------------
[2026-09-07T00:28:05.532917+00:00] Tiago (geral)
Traceback (most recent call last):
  File "/home/runner/work/Binario_Cloud_Metas_de_Diretorias/Binario_Cloud_Metas_de_Diretorias/automation/sync_clickup.py", line 558, in main
    if sync_metas_file(os.path.join(DIR, "tiago.json"), TIAGO_LIST_ID):
       ^^^^^^^^^^^^^^^^^^^^^^^^^^^^^^^^^^^^^^^^^^^^^^^^^^^^^^^^^^^^^^^
  File "/home/runner/work/Binario_Cloud_Metas_de_Diretorias/Binario_Cloud_Metas_de_Diretorias/automation/sync_clickup.py", line 325, in sync_metas_file
    live_tasks = api_get_all_tasks(list_id)
                 ^^^^^^^^^^^^^^^^^^^^^^^^^^
  File "/home/runner/work/Binario_Cloud_Metas_de_Diretorias/Binario_Cloud_Metas_de_Diretorias/automation/sync_clickup.py", line 128, in api_get_all_tasks
    resp = api_get(f"/list/{list_id}/task?subtasks=false&include_closed=true&page={page}{extra_params}")
           ^^^^^^^^^^^^^^^^^^^^^^^^^^^^^^^^^^^^^^^^^^^^^^^^^^^^^^^^^^^^^^^^^^^^^^^^^^^^^^^^^^^^^^^^^^^^^
  File "/home/runner/work/Binario_Cloud_Metas_de_Diretorias/Binario_Cloud_Metas_de_Diretorias/automation/sync_clickup.py", line 106, in api_get
    with urllib.request.urlopen(req, timeout=30) as resp:
         ^^^^^^^^^^^^^^^^^^^^^^^^^^^^^^^^^^^^^^^
  File "/usr/lib/python3.12/urllib/request.py", line 215, in urlopen
    return opener.open(url, data, timeout)
           ^^^^^^^^^^^^^^^^^^^^^^^^^^^^^^^
  File "/usr/lib/python3.12/urllib/request.py", line 521, in open
    response = meth(req, response)
               ^^^^^^^^^^^^^^^^^^^
  File "/usr/lib/python3.12/urllib/request.py", line 630, in http_response
    response = self.parent.error(
               ^^^^^^^^^^^^^^^^^^
  File "/usr/lib/python3.12/urllib/request.py", line 559, in error
    return self._call_chain(*args)
           ^^^^^^^^^^^^^^^^^^^^^^^
  File "/usr/lib/python3.12/urllib/request.py", line 492, in _call_chain
    result = func(*args)
             ^^^^^^^^^^^
  File "/usr/lib/python3.12/urllib/request.py", line 639, in http_error_default
    raise HTTPError(req.full_url, code, msg, hdrs, fp)
urllib.error.HTTPError: HTTP Error 401: Unauthorized

----------------------------------------------------------------------
[2026-09-07T00:28:05.648441+00:00] RoadMap (geral)
Traceback (most recent call last):
  File "/home/runner/work/Binario_Cloud_Metas_de_Diretorias/Binario_Cloud_Metas_de_Diretorias/automation/sync_clickup.py", line 570, in main
    if sync_roadmap_file(os.path.join(DIR, "roadmap.json"), ROADMAP_LIST_ID):
       ^^^^^^^^^^^^^^^^^^^^^^^^^^^^^^^^^^^^^^^^^^^^^^^^^^^^^^^^^^^^^^^^^^^^^
  File "/home/runner/work/Binario_Cloud_Metas_de_Diretorias/Binario_Cloud_Metas_de_Diretorias/automation/sync_clickup.py", line 454, in sync_roadmap_file
    live_tasks = api_get_all_tasks(list_id)
                 ^^^^^^^^^^^^^^^^^^^^^^^^^^
  File "/home/runner/work/Binario_Cloud_Metas_de_Diretorias/Binario_Cloud_Metas_de_Diretorias/automation/sync_clickup.py", line 128, in api_get_all_tasks
    resp = api_get(f"/list/{list_id}/task?subtasks=false&include_closed=true&page={page}{extra_params}")
           ^^^^^^^^^^^^^^^^^^^^^^^^^^^^^^^^^^^^^^^^^^^^^^^^^^^^^^^^^^^^^^^^^^^^^^^^^^^^^^^^^^^^^^^^^^^^^
  File "/home/runner/work/Binario_Cloud_Metas_de_Diretorias/Binario_Cloud_Metas_de_Diretorias/automation/sync_clickup.py", line 106, in api_get
    with urllib.request.urlopen(req, timeout=30) as resp:
         ^^^^^^^^^^^^^^^^^^^^^^^^^^^^^^^^^^^^^^^
  File "/usr/lib/python3.12/urllib/request.py", line 215, in urlopen
    return opener.open(url, data, timeout)
           ^^^^^^^^^^^^^^^^^^^^^^^^^^^^^^^
  File "/usr/lib/python3.12/urllib/request.py", line 521, in open
    response = meth(req, response)
               ^^^^^^^^^^^^^^^^^^^
  File "/usr/lib/python3.12/urllib/request.py", line 630, in http_response
    response = self.parent.error(
               ^^^^^^^^^^^^^^^^^^
  File "/usr/lib/python3.12/urllib/request.py", line 559, in error
    return self._call_chain(*args)
           ^^^^^^^^^^^^^^^^^^^^^^^
  File "/usr/lib/python3.12/urllib/request.py", line 492, in _call_chain
    result = func(*args)
             ^^^^^^^^^^^
  File "/usr/lib/python3.12/urllib/request.py", line 639, in http_error_default
    raise HTTPError(req.full_url, code, msg, hdrs, fp)
urllib.error.HTTPError: HTTP Error 401: Unauthorized

----------------------------------------------------------------------
[2026-09-07T05:25:19.149285+00:00] Rafael (geral)
Traceback (most recent call last):
  File "/home/runner/work/Binario_Cloud_Metas_de_Diretorias/Binario_Cloud_Metas_de_Diretorias/automation/sync_clickup.py", line 546, in main
    if sync_metas_file(os.path.join(DIR, "rafael.json"), RAFAEL_LIST_ID):
       ^^^^^^^^^^^^^^^^^^^^^^^^^^^^^^^^^^^^^^^^^^^^^^^^^^^^^^^^^^^^^^^^^
  File "/home/runner/work/Binario_Cloud_Metas_de_Diretorias/Binario_Cloud_Metas_de_Diretorias/automation/sync_clickup.py", line 325, in sync_metas_file
    live_tasks = api_get_all_tasks(list_id)
                 ^^^^^^^^^^^^^^^^^^^^^^^^^^
  File "/home/runner/work/Binario_Cloud_Metas_de_Diretorias/Binario_Cloud_Metas_de_Diretorias/automation/sync_clickup.py", line 128, in api_get_all_tasks
    resp = api_get(f"/list/{list_id}/task?subtasks=false&include_closed=true&page={page}{extra_params}")
           ^^^^^^^^^^^^^^^^^^^^^^^^^^^^^^^^^^^^^^^^^^^^^^^^^^^^^^^^^^^^^^^^^^^^^^^^^^^^^^^^^^^^^^^^^^^^^
  File "/home/runner/work/Binario_Cloud_Metas_de_Diretorias/Binario_Cloud_Metas_de_Diretorias/automation/sync_clickup.py", line 106, in api_get
    with urllib.request.urlopen(req, timeout=30) as resp:
         ^^^^^^^^^^^^^^^^^^^^^^^^^^^^^^^^^^^^^^^
  File "/usr/lib/python3.12/urllib/request.py", line 215, in urlopen
    return opener.open(url, data, timeout)
           ^^^^^^^^^^^^^^^^^^^^^^^^^^^^^^^
  File "/usr/lib/python3.12/urllib/request.py", line 521, in open
    response = meth(req, response)
               ^^^^^^^^^^^^^^^^^^^
  File "/usr/lib/python3.12/urllib/request.py", line 630, in http_response
    response = self.parent.error(
               ^^^^^^^^^^^^^^^^^^
  File "/usr/lib/python3.12/urllib/request.py", line 559, in error
    return self._call_chain(*args)
           ^^^^^^^^^^^^^^^^^^^^^^^
  File "/usr/lib/python3.12/urllib/request.py", line 492, in _call_chain
    result = func(*args)
             ^^^^^^^^^^^
  File "/usr/lib/python3.12/urllib/request.py", line 639, in http_error_default
    raise HTTPError(req.full_url, code, msg, hdrs, fp)
urllib.error.HTTPError: HTTP Error 401: Unauthorized

----------------------------------------------------------------------
[2026-09-07T05:25:19.235957+00:00] Tiago (geral)
Traceback (most recent call last):
  File "/home/runner/work/Binario_Cloud_Metas_de_Diretorias/Binario_Cloud_Metas_de_Diretorias/automation/sync_clickup.py", line 558, in main
    if sync_metas_file(os.path.join(DIR, "tiago.json"), TIAGO_LIST_ID):
       ^^^^^^^^^^^^^^^^^^^^^^^^^^^^^^^^^^^^^^^^^^^^^^^^^^^^^^^^^^^^^^^
  File "/home/runner/work/Binario_Cloud_Metas_de_Diretorias/Binario_Cloud_Metas_de_Diretorias/automation/sync_clickup.py", line 325, in sync_metas_file
    live_tasks = api_get_all_tasks(list_id)
                 ^^^^^^^^^^^^^^^^^^^^^^^^^^
  File "/home/runner/work/Binario_Cloud_Metas_de_Diretorias/Binario_Cloud_Metas_de_Diretorias/automation/sync_clickup.py", line 128, in api_get_all_tasks
    resp = api_get(f"/list/{list_id}/task?subtasks=false&include_closed=true&page={page}{extra_params}")
           ^^^^^^^^^^^^^^^^^^^^^^^^^^^^^^^^^^^^^^^^^^^^^^^^^^^^^^^^^^^^^^^^^^^^^^^^^^^^^^^^^^^^^^^^^^^^^
  File "/home/runner/work/Binario_Cloud_Metas_de_Diretorias/Binario_Cloud_Metas_de_Diretorias/automation/sync_clickup.py", line 106, in api_get
    with urllib.request.urlopen(req, timeout=30) as resp:
         ^^^^^^^^^^^^^^^^^^^^^^^^^^^^^^^^^^^^^^^
  File "/usr/lib/python3.12/urllib/request.py", line 215, in urlopen
    return opener.open(url, data, timeout)
           ^^^^^^^^^^^^^^^^^^^^^^^^^^^^^^^
  File "/usr/lib/python3.12/urllib/request.py", line 521, in open
    response = meth(req, response)
               ^^^^^^^^^^^^^^^^^^^
  File "/usr/lib/python3.12/urllib/request.py", line 630, in http_response
    response = self.parent.error(
               ^^^^^^^^^^^^^^^^^^
  File "/usr/lib/python3.12/urllib/request.py", line 559, in error
    return self._call_chain(*args)
           ^^^^^^^^^^^^^^^^^^^^^^^
  File "/usr/lib/python3.12/urllib/request.py", line 492, in _call_chain
    result = func(*args)
             ^^^^^^^^^^^
  File "/usr/lib/python3.12/urllib/request.py", line 639, in http_error_default
    raise HTTPError(req.full_url, code, msg, hdrs, fp)
urllib.error.HTTPError: HTTP Error 401: Unauthorized

----------------------------------------------------------------------
[2026-09-07T05:25:19.325367+00:00] RoadMap (geral)
Traceback (most recent call last):
  File "/home/runner/work/Binario_Cloud_Metas_de_Diretorias/Binario_Cloud_Metas_de_Diretorias/automation/sync_clickup.py", line 570, in main
    if sync_roadmap_file(os.path.join(DIR, "roadmap.json"), ROADMAP_LIST_ID):
       ^^^^^^^^^^^^^^^^^^^^^^^^^^^^^^^^^^^^^^^^^^^^^^^^^^^^^^^^^^^^^^^^^^^^^
  File "/home/runner/work/Binario_Cloud_Metas_de_Diretorias/Binario_Cloud_Metas_de_Diretorias/automation/sync_clickup.py", line 454, in sync_roadmap_file
    live_tasks = api_get_all_tasks(list_id)
                 ^^^^^^^^^^^^^^^^^^^^^^^^^^
  File "/home/runner/work/Binario_Cloud_Metas_de_Diretorias/Binario_Cloud_Metas_de_Diretorias/automation/sync_clickup.py", line 128, in api_get_all_tasks
    resp = api_get(f"/list/{list_id}/task?subtasks=false&include_closed=true&page={page}{extra_params}")
           ^^^^^^^^^^^^^^^^^^^^^^^^^^^^^^^^^^^^^^^^^^^^^^^^^^^^^^^^^^^^^^^^^^^^^^^^^^^^^^^^^^^^^^^^^^^^^
  File "/home/runner/work/Binario_Cloud_Metas_de_Diretorias/Binario_Cloud_Metas_de_Diretorias/automation/sync_clickup.py", line 106, in api_get
    with urllib.request.urlopen(req, timeout=30) as resp:
         ^^^^^^^^^^^^^^^^^^^^^^^^^^^^^^^^^^^^^^^
  File "/usr/lib/python3.12/urllib/request.py", line 215, in urlopen
    return opener.open(url, data, timeout)
           ^^^^^^^^^^^^^^^^^^^^^^^^^^^^^^^
  File "/usr/lib/python3.12/urllib/request.py", line 521, in open
    response = meth(req, response)
               ^^^^^^^^^^^^^^^^^^^
  File "/usr/lib/python3.12/urllib/request.py", line 630, in http_response
    response = self.parent.error(
               ^^^^^^^^^^^^^^^^^^
  File "/usr/lib/python3.12/urllib/request.py", line 559, in error
    return self._call_chain(*args)
           ^^^^^^^^^^^^^^^^^^^^^^^
  File "/usr/lib/python3.12/urllib/request.py", line 492, in _call_chain
    result = func(*args)
             ^^^^^^^^^^^
  File "/usr/lib/python3.12/urllib/request.py", line 639, in http_error_default
    raise HTTPError(req.full_url, code, msg, hdrs, fp)
urllib.error.HTTPError: HTTP Error 401: Unauthorized

----------------------------------------------------------------------
[2026-09-07T10:58:15.594142+00:00] Rafael (geral)
Traceback (most recent call last):
  File "/home/runner/work/Binario_Cloud_Metas_de_Diretorias/Binario_Cloud_Metas_de_Diretorias/automation/sync_clickup.py", line 546, in main
    if sync_metas_file(os.path.join(DIR, "rafael.json"), RAFAEL_LIST_ID):
       ^^^^^^^^^^^^^^^^^^^^^^^^^^^^^^^^^^^^^^^^^^^^^^^^^^^^^^^^^^^^^^^^^
  File "/home/runner/work/Binario_Cloud_Metas_de_Diretorias/Binario_Cloud_Metas_de_Diretorias/automation/sync_clickup.py", line 325, in sync_metas_file
    live_tasks = api_get_all_tasks(list_id)
                 ^^^^^^^^^^^^^^^^^^^^^^^^^^
  File "/home/runner/work/Binario_Cloud_Metas_de_Diretorias/Binario_Cloud_Metas_de_Diretorias/automation/sync_clickup.py", line 128, in api_get_all_tasks
    resp = api_get(f"/list/{list_id}/task?subtasks=false&include_closed=true&page={page}{extra_params}")
           ^^^^^^^^^^^^^^^^^^^^^^^^^^^^^^^^^^^^^^^^^^^^^^^^^^^^^^^^^^^^^^^^^^^^^^^^^^^^^^^^^^^^^^^^^^^^^
  File "/home/runner/work/Binario_Cloud_Metas_de_Diretorias/Binario_Cloud_Metas_de_Diretorias/automation/sync_clickup.py", line 106, in api_get
    with urllib.request.urlopen(req, timeout=30) as resp:
         ^^^^^^^^^^^^^^^^^^^^^^^^^^^^^^^^^^^^^^^
  File "/usr/lib/python3.12/urllib/request.py", line 215, in urlopen
    return opener.open(url, data, timeout)
           ^^^^^^^^^^^^^^^^^^^^^^^^^^^^^^^
  File "/usr/lib/python3.12/urllib/request.py", line 521, in open
    response = meth(req, response)
               ^^^^^^^^^^^^^^^^^^^
  File "/usr/lib/python3.12/urllib/request.py", line 630, in http_response
    response = self.parent.error(
               ^^^^^^^^^^^^^^^^^^
  File "/usr/lib/python3.12/urllib/request.py", line 559, in error
    return self._call_chain(*args)
           ^^^^^^^^^^^^^^^^^^^^^^^
  File "/usr/lib/python3.12/urllib/request.py", line 492, in _call_chain
    result = func(*args)
             ^^^^^^^^^^^
  File "/usr/lib/python3.12/urllib/request.py", line 639, in http_error_default
    raise HTTPError(req.full_url, code, msg, hdrs, fp)
urllib.error.HTTPError: HTTP Error 401: Unauthorized

----------------------------------------------------------------------
[2026-09-07T10:58:15.695866+00:00] Tiago (geral)
Traceback (most recent call last):
  File "/home/runner/work/Binario_Cloud_Metas_de_Diretorias/Binario_Cloud_Metas_de_Diretorias/automation/sync_clickup.py", line 558, in main
    if sync_metas_file(os.path.join(DIR, "tiago.json"), TIAGO_LIST_ID):
       ^^^^^^^^^^^^^^^^^^^^^^^^^^^^^^^^^^^^^^^^^^^^^^^^^^^^^^^^^^^^^^^
  File "/home/runner/work/Binario_Cloud_Metas_de_Diretorias/Binario_Cloud_Metas_de_Diretorias/automation/sync_clickup.py", line 325, in sync_metas_file
    live_tasks = api_get_all_tasks(list_id)
                 ^^^^^^^^^^^^^^^^^^^^^^^^^^
  File "/home/runner/work/Binario_Cloud_Metas_de_Diretorias/Binario_Cloud_Metas_de_Diretorias/automation/sync_clickup.py", line 128, in api_get_all_tasks
    resp = api_get(f"/list/{list_id}/task?subtasks=false&include_closed=true&page={page}{extra_params}")
           ^^^^^^^^^^^^^^^^^^^^^^^^^^^^^^^^^^^^^^^^^^^^^^^^^^^^^^^^^^^^^^^^^^^^^^^^^^^^^^^^^^^^^^^^^^^^^
  File "/home/runner/work/Binario_Cloud_Metas_de_Diretorias/Binario_Cloud_Metas_de_Diretorias/automation/sync_clickup.py", line 106, in api_get
    with urllib.request.urlopen(req, timeout=30) as resp:
         ^^^^^^^^^^^^^^^^^^^^^^^^^^^^^^^^^^^^^^^
  File "/usr/lib/python3.12/urllib/request.py", line 215, in urlopen
    return opener.open(url, data, timeout)
           ^^^^^^^^^^^^^^^^^^^^^^^^^^^^^^^
  File "/usr/lib/python3.12/urllib/request.py", line 521, in open
    response = meth(req, response)
               ^^^^^^^^^^^^^^^^^^^
  File "/usr/lib/python3.12/urllib/request.py", line 630, in http_response
    response = self.parent.error(
               ^^^^^^^^^^^^^^^^^^
  File "/usr/lib/python3.12/urllib/request.py", line 559, in error
    return self._call_chain(*args)
           ^^^^^^^^^^^^^^^^^^^^^^^
  File "/usr/lib/python3.12/urllib/request.py", line 492, in _call_chain
    result = func(*args)
             ^^^^^^^^^^^
  File "/usr/lib/python3.12/urllib/request.py", line 639, in http_error_default
    raise HTTPError(req.full_url, code, msg, hdrs, fp)
urllib.error.HTTPError: HTTP Error 401: Unauthorized

----------------------------------------------------------------------
[2026-09-07T10:58:15.794810+00:00] RoadMap (geral)
Traceback (most recent call last):
  File "/home/runner/work/Binario_Cloud_Metas_de_Diretorias/Binario_Cloud_Metas_de_Diretorias/automation/sync_clickup.py", line 570, in main
    if sync_roadmap_file(os.path.join(DIR, "roadmap.json"), ROADMAP_LIST_ID):
       ^^^^^^^^^^^^^^^^^^^^^^^^^^^^^^^^^^^^^^^^^^^^^^^^^^^^^^^^^^^^^^^^^^^^^
  File "/home/runner/work/Binario_Cloud_Metas_de_Diretorias/Binario_Cloud_Metas_de_Diretorias/automation/sync_clickup.py", line 454, in sync_roadmap_file
    live_tasks = api_get_all_tasks(list_id)
                 ^^^^^^^^^^^^^^^^^^^^^^^^^^
  File "/home/runner/work/Binario_Cloud_Metas_de_Diretorias/Binario_Cloud_Metas_de_Diretorias/automation/sync_clickup.py", line 128, in api_get_all_tasks
    resp = api_get(f"/list/{list_id}/task?subtasks=false&include_closed=true&page={page}{extra_params}")
           ^^^^^^^^^^^^^^^^^^^^^^^^^^^^^^^^^^^^^^^^^^^^^^^^^^^^^^^^^^^^^^^^^^^^^^^^^^^^^^^^^^^^^^^^^^^^^
  File "/home/runner/work/Binario_Cloud_Metas_de_Diretorias/Binario_Cloud_Metas_de_Diretorias/automation/sync_clickup.py", line 106, in api_get
    with urllib.request.urlopen(req, timeout=30) as resp:
         ^^^^^^^^^^^^^^^^^^^^^^^^^^^^^^^^^^^^^^^
  File "/usr/lib/python3.12/urllib/request.py", line 215, in urlopen
    return opener.open(url, data, timeout)
           ^^^^^^^^^^^^^^^^^^^^^^^^^^^^^^^
  File "/usr/lib/python3.12/urllib/request.py", line 521, in open
    response = meth(req, response)
               ^^^^^^^^^^^^^^^^^^^
  File "/usr/lib/python3.12/urllib/request.py", line 630, in http_response
    response = self.parent.error(
               ^^^^^^^^^^^^^^^^^^
  File "/usr/lib/python3.12/urllib/request.py", line 559, in error
    return self._call_chain(*args)
           ^^^^^^^^^^^^^^^^^^^^^^^
  File "/usr/lib/python3.12/urllib/request.py", line 492, in _call_chain
    result = func(*args)
             ^^^^^^^^^^^
  File "/usr/lib/python3.12/urllib/request.py", line 639, in http_error_default
    raise HTTPError(req.full_url, code, msg, hdrs, fp)
urllib.error.HTTPError: HTTP Error 401: Unauthorized

----------------------------------------------------------------------
[2026-09-07T16:16:24.748783+00:00] Rafael (geral)
Traceback (most recent call last):
  File "/home/runner/work/Binario_Cloud_Metas_de_Diretorias/Binario_Cloud_Metas_de_Diretorias/automation/sync_clickup.py", line 546, in main
    if sync_metas_file(os.path.join(DIR, "rafael.json"), RAFAEL_LIST_ID):
       ^^^^^^^^^^^^^^^^^^^^^^^^^^^^^^^^^^^^^^^^^^^^^^^^^^^^^^^^^^^^^^^^^
  File "/home/runner/work/Binario_Cloud_Metas_de_Diretorias/Binario_Cloud_Metas_de_Diretorias/automation/sync_clickup.py", line 325, in sync_metas_file
    live_tasks = api_get_all_tasks(list_id)
                 ^^^^^^^^^^^^^^^^^^^^^^^^^^
  File "/home/runner/work/Binario_Cloud_Metas_de_Diretorias/Binario_Cloud_Metas_de_Diretorias/automation/sync_clickup.py", line 128, in api_get_all_tasks
    resp = api_get(f"/list/{list_id}/task?subtasks=false&include_closed=true&page={page}{extra_params}")
           ^^^^^^^^^^^^^^^^^^^^^^^^^^^^^^^^^^^^^^^^^^^^^^^^^^^^^^^^^^^^^^^^^^^^^^^^^^^^^^^^^^^^^^^^^^^^^
  File "/home/runner/work/Binario_Cloud_Metas_de_Diretorias/Binario_Cloud_Metas_de_Diretorias/automation/sync_clickup.py", line 106, in api_get
    with urllib.request.urlopen(req, timeout=30) as resp:
         ^^^^^^^^^^^^^^^^^^^^^^^^^^^^^^^^^^^^^^^
  File "/usr/lib/python3.12/urllib/request.py", line 215, in urlopen
    return opener.open(url, data, timeout)
           ^^^^^^^^^^^^^^^^^^^^^^^^^^^^^^^
  File "/usr/lib/python3.12/urllib/request.py", line 521, in open
    response = meth(req, response)
               ^^^^^^^^^^^^^^^^^^^
  File "/usr/lib/python3.12/urllib/request.py", line 630, in http_response
    response = self.parent.error(
               ^^^^^^^^^^^^^^^^^^
  File "/usr/lib/python3.12/urllib/request.py", line 559, in error
    return self._call_chain(*args)
           ^^^^^^^^^^^^^^^^^^^^^^^
  File "/usr/lib/python3.12/urllib/request.py", line 492, in _call_chain
    result = func(*args)
             ^^^^^^^^^^^
  File "/usr/lib/python3.12/urllib/request.py", line 639, in http_error_default
    raise HTTPError(req.full_url, code, msg, hdrs, fp)
urllib.error.HTTPError: HTTP Error 401: Unauthorized

----------------------------------------------------------------------
[2026-09-07T16:16:24.914421+00:00] Tiago (geral)
Traceback (most recent call last):
  File "/home/runner/work/Binario_Cloud_Metas_de_Diretorias/Binario_Cloud_Metas_de_Diretorias/automation/sync_clickup.py", line 558, in main
    if sync_metas_file(os.path.join(DIR, "tiago.json"), TIAGO_LIST_ID):
       ^^^^^^^^^^^^^^^^^^^^^^^^^^^^^^^^^^^^^^^^^^^^^^^^^^^^^^^^^^^^^^^
  File "/home/runner/work/Binario_Cloud_Metas_de_Diretorias/Binario_Cloud_Metas_de_Diretorias/automation/sync_clickup.py", line 325, in sync_metas_file
    live_tasks = api_get_all_tasks(list_id)
                 ^^^^^^^^^^^^^^^^^^^^^^^^^^
  File "/home/runner/work/Binario_Cloud_Metas_de_Diretorias/Binario_Cloud_Metas_de_Diretorias/automation/sync_clickup.py", line 128, in api_get_all_tasks
    resp = api_get(f"/list/{list_id}/task?subtasks=false&include_closed=true&page={page}{extra_params}")
           ^^^^^^^^^^^^^^^^^^^^^^^^^^^^^^^^^^^^^^^^^^^^^^^^^^^^^^^^^^^^^^^^^^^^^^^^^^^^^^^^^^^^^^^^^^^^^
  File "/home/runner/work/Binario_Cloud_Metas_de_Diretorias/Binario_Cloud_Metas_de_Diretorias/automation/sync_clickup.py", line 106, in api_get
    with urllib.request.urlopen(req, timeout=30) as resp:
         ^^^^^^^^^^^^^^^^^^^^^^^^^^^^^^^^^^^^^^^
  File "/usr/lib/python3.12/urllib/request.py", line 215, in urlopen
    return opener.open(url, data, timeout)
           ^^^^^^^^^^^^^^^^^^^^^^^^^^^^^^^
  File "/usr/lib/python3.12/urllib/request.py", line 521, in open
    response = meth(req, response)
               ^^^^^^^^^^^^^^^^^^^
  File "/usr/lib/python3.12/urllib/request.py", line 630, in http_response
    response = self.parent.error(
               ^^^^^^^^^^^^^^^^^^
  File "/usr/lib/python3.12/urllib/request.py", line 559, in error
    return self._call_chain(*args)
           ^^^^^^^^^^^^^^^^^^^^^^^
  File "/usr/lib/python3.12/urllib/request.py", line 492, in _call_chain
    result = func(*args)
             ^^^^^^^^^^^
  File "/usr/lib/python3.12/urllib/request.py", line 639, in http_error_default
    raise HTTPError(req.full_url, code, msg, hdrs, fp)
urllib.error.HTTPError: HTTP Error 401: Unauthorized

----------------------------------------------------------------------
[2026-09-07T16:16:25.004331+00:00] RoadMap (geral)
Traceback (most recent call last):
  File "/home/runner/work/Binario_Cloud_Metas_de_Diretorias/Binario_Cloud_Metas_de_Diretorias/automation/sync_clickup.py", line 570, in main
    if sync_roadmap_file(os.path.join(DIR, "roadmap.json"), ROADMAP_LIST_ID):
       ^^^^^^^^^^^^^^^^^^^^^^^^^^^^^^^^^^^^^^^^^^^^^^^^^^^^^^^^^^^^^^^^^^^^^
  File "/home/runner/work/Binario_Cloud_Metas_de_Diretorias/Binario_Cloud_Metas_de_Diretorias/automation/sync_clickup.py", line 454, in sync_roadmap_file
    live_tasks = api_get_all_tasks(list_id)
                 ^^^^^^^^^^^^^^^^^^^^^^^^^^
  File "/home/runner/work/Binario_Cloud_Metas_de_Diretorias/Binario_Cloud_Metas_de_Diretorias/automation/sync_clickup.py", line 128, in api_get_all_tasks
    resp = api_get(f"/list/{list_id}/task?subtasks=false&include_closed=true&page={page}{extra_params}")
           ^^^^^^^^^^^^^^^^^^^^^^^^^^^^^^^^^^^^^^^^^^^^^^^^^^^^^^^^^^^^^^^^^^^^^^^^^^^^^^^^^^^^^^^^^^^^^
  File "/home/runner/work/Binario_Cloud_Metas_de_Diretorias/Binario_Cloud_Metas_de_Diretorias/automation/sync_clickup.py", line 106, in api_get
    with urllib.request.urlopen(req, timeout=30) as resp:
         ^^^^^^^^^^^^^^^^^^^^^^^^^^^^^^^^^^^^^^^
  File "/usr/lib/python3.12/urllib/request.py", line 215, in urlopen
    return opener.open(url, data, timeout)
           ^^^^^^^^^^^^^^^^^^^^^^^^^^^^^^^
  File "/usr/lib/python3.12/urllib/request.py", line 521, in open
    response = meth(req, response)
               ^^^^^^^^^^^^^^^^^^^
  File "/usr/lib/python3.12/urllib/request.py", line 630, in http_response
    response = self.parent.error(
               ^^^^^^^^^^^^^^^^^^
  File "/usr/lib/python3.12/urllib/request.py", line 559, in error
    return self._call_chain(*args)
           ^^^^^^^^^^^^^^^^^^^^^^^
  File "/usr/lib/python3.12/urllib/request.py", line 492, in _call_chain
    result = func(*args)
             ^^^^^^^^^^^
  File "/usr/lib/python3.12/urllib/request.py", line 639, in http_error_default
    raise HTTPError(req.full_url, code, msg, hdrs, fp)
urllib.error.HTTPError: HTTP Error 401: Unauthorized

----------------------------------------------------------------------
[2026-09-07T20:15:43.027765+00:00] Rafael (geral)
Traceback (most recent call last):
  File "/home/runner/work/Binario_Cloud_Metas_de_Diretorias/Binario_Cloud_Metas_de_Diretorias/automation/sync_clickup.py", line 546, in main
    if sync_metas_file(os.path.join(DIR, "rafael.json"), RAFAEL_LIST_ID):
       ^^^^^^^^^^^^^^^^^^^^^^^^^^^^^^^^^^^^^^^^^^^^^^^^^^^^^^^^^^^^^^^^^
  File "/home/runner/work/Binario_Cloud_Metas_de_Diretorias/Binario_Cloud_Metas_de_Diretorias/automation/sync_clickup.py", line 325, in sync_metas_file
    live_tasks = api_get_all_tasks(list_id)
                 ^^^^^^^^^^^^^^^^^^^^^^^^^^
  File "/home/runner/work/Binario_Cloud_Metas_de_Diretorias/Binario_Cloud_Metas_de_Diretorias/automation/sync_clickup.py", line 128, in api_get_all_tasks
    resp = api_get(f"/list/{list_id}/task?subtasks=false&include_closed=true&page={page}{extra_params}")
           ^^^^^^^^^^^^^^^^^^^^^^^^^^^^^^^^^^^^^^^^^^^^^^^^^^^^^^^^^^^^^^^^^^^^^^^^^^^^^^^^^^^^^^^^^^^^^
  File "/home/runner/work/Binario_Cloud_Metas_de_Diretorias/Binario_Cloud_Metas_de_Diretorias/automation/sync_clickup.py", line 106, in api_get
    with urllib.request.urlopen(req, timeout=30) as resp:
         ^^^^^^^^^^^^^^^^^^^^^^^^^^^^^^^^^^^^^^^
  File "/usr/lib/python3.12/urllib/request.py", line 215, in urlopen
    return opener.open(url, data, timeout)
           ^^^^^^^^^^^^^^^^^^^^^^^^^^^^^^^
  File "/usr/lib/python3.12/urllib/request.py", line 521, in open
    response = meth(req, response)
               ^^^^^^^^^^^^^^^^^^^
  File "/usr/lib/python3.12/urllib/request.py", line 630, in http_response
    response = self.parent.error(
               ^^^^^^^^^^^^^^^^^^
  File "/usr/lib/python3.12/urllib/request.py", line 559, in error
    return self._call_chain(*args)
           ^^^^^^^^^^^^^^^^^^^^^^^
  File "/usr/lib/python3.12/urllib/request.py", line 492, in _call_chain
    result = func(*args)
             ^^^^^^^^^^^
  File "/usr/lib/python3.12/urllib/request.py", line 639, in http_error_default
    raise HTTPError(req.full_url, code, msg, hdrs, fp)
urllib.error.HTTPError: HTTP Error 401: Unauthorized

----------------------------------------------------------------------
[2026-09-07T20:15:43.082191+00:00] Tiago (geral)
Traceback (most recent call last):
  File "/home/runner/work/Binario_Cloud_Metas_de_Diretorias/Binario_Cloud_Metas_de_Diretorias/automation/sync_clickup.py", line 558, in main
    if sync_metas_file(os.path.join(DIR, "tiago.json"), TIAGO_LIST_ID):
       ^^^^^^^^^^^^^^^^^^^^^^^^^^^^^^^^^^^^^^^^^^^^^^^^^^^^^^^^^^^^^^^
  File "/home/runner/work/Binario_Cloud_Metas_de_Diretorias/Binario_Cloud_Metas_de_Diretorias/automation/sync_clickup.py", line 325, in sync_metas_file
    live_tasks = api_get_all_tasks(list_id)
                 ^^^^^^^^^^^^^^^^^^^^^^^^^^
  File "/home/runner/work/Binario_Cloud_Metas_de_Diretorias/Binario_Cloud_Metas_de_Diretorias/automation/sync_clickup.py", line 128, in api_get_all_tasks
    resp = api_get(f"/list/{list_id}/task?subtasks=false&include_closed=true&page={page}{extra_params}")
           ^^^^^^^^^^^^^^^^^^^^^^^^^^^^^^^^^^^^^^^^^^^^^^^^^^^^^^^^^^^^^^^^^^^^^^^^^^^^^^^^^^^^^^^^^^^^^
  File "/home/runner/work/Binario_Cloud_Metas_de_Diretorias/Binario_Cloud_Metas_de_Diretorias/automation/sync_clickup.py", line 106, in api_get
    with urllib.request.urlopen(req, timeout=30) as resp:
         ^^^^^^^^^^^^^^^^^^^^^^^^^^^^^^^^^^^^^^^
  File "/usr/lib/python3.12/urllib/request.py", line 215, in urlopen
    return opener.open(url, data, timeout)
           ^^^^^^^^^^^^^^^^^^^^^^^^^^^^^^^
  File "/usr/lib/python3.12/urllib/request.py", line 521, in open
    response = meth(req, response)
               ^^^^^^^^^^^^^^^^^^^
  File "/usr/lib/python3.12/urllib/request.py", line 630, in http_response
    response = self.parent.error(
               ^^^^^^^^^^^^^^^^^^
  File "/usr/lib/python3.12/urllib/request.py", line 559, in error
    return self._call_chain(*args)
           ^^^^^^^^^^^^^^^^^^^^^^^
  File "/usr/lib/python3.12/urllib/request.py", line 492, in _call_chain
    result = func(*args)
             ^^^^^^^^^^^
  File "/usr/lib/python3.12/urllib/request.py", line 639, in http_error_default
    raise HTTPError(req.full_url, code, msg, hdrs, fp)
urllib.error.HTTPError: HTTP Error 401: Unauthorized

----------------------------------------------------------------------
[2026-09-07T20:15:43.127557+00:00] RoadMap (geral)
Traceback (most recent call last):
  File "/home/runner/work/Binario_Cloud_Metas_de_Diretorias/Binario_Cloud_Metas_de_Diretorias/automation/sync_clickup.py", line 570, in main
    if sync_roadmap_file(os.path.join(DIR, "roadmap.json"), ROADMAP_LIST_ID):
       ^^^^^^^^^^^^^^^^^^^^^^^^^^^^^^^^^^^^^^^^^^^^^^^^^^^^^^^^^^^^^^^^^^^^^
  File "/home/runner/work/Binario_Cloud_Metas_de_Diretorias/Binario_Cloud_Metas_de_Diretorias/automation/sync_clickup.py", line 454, in sync_roadmap_file
    live_tasks = api_get_all_tasks(list_id)
                 ^^^^^^^^^^^^^^^^^^^^^^^^^^
  File "/home/runner/work/Binario_Cloud_Metas_de_Diretorias/Binario_Cloud_Metas_de_Diretorias/automation/sync_clickup.py", line 128, in api_get_all_tasks
    resp = api_get(f"/list/{list_id}/task?subtasks=false&include_closed=true&page={page}{extra_params}")
           ^^^^^^^^^^^^^^^^^^^^^^^^^^^^^^^^^^^^^^^^^^^^^^^^^^^^^^^^^^^^^^^^^^^^^^^^^^^^^^^^^^^^^^^^^^^^^
  File "/home/runner/work/Binario_Cloud_Metas_de_Diretorias/Binario_Cloud_Metas_de_Diretorias/automation/sync_clickup.py", line 106, in api_get
    with urllib.request.urlopen(req, timeout=30) as resp:
         ^^^^^^^^^^^^^^^^^^^^^^^^^^^^^^^^^^^^^^^
  File "/usr/lib/python3.12/urllib/request.py", line 215, in urlopen
    return opener.open(url, data, timeout)
           ^^^^^^^^^^^^^^^^^^^^^^^^^^^^^^^
  File "/usr/lib/python3.12/urllib/request.py", line 521, in open
    response = meth(req, response)
               ^^^^^^^^^^^^^^^^^^^
  File "/usr/lib/python3.12/urllib/request.py", line 630, in http_response
    response = self.parent.error(
               ^^^^^^^^^^^^^^^^^^
  File "/usr/lib/python3.12/urllib/request.py", line 559, in error
    return self._call_chain(*args)
           ^^^^^^^^^^^^^^^^^^^^^^^
  File "/usr/lib/python3.12/urllib/request.py", line 492, in _call_chain
    result = func(*args)
             ^^^^^^^^^^^
  File "/usr/lib/python3.12/urllib/request.py", line 639, in http_error_default
    raise HTTPError(req.full_url, code, msg, hdrs, fp)
urllib.error.HTTPError: HTTP Error 401: Unauthorized

----------------------------------------------------------------------
[2026-09-07T23:08:43.137742+00:00] Rafael (geral)
Traceback (most recent call last):
  File "/home/runner/work/Binario_Cloud_Metas_de_Diretorias/Binario_Cloud_Metas_de_Diretorias/automation/sync_clickup.py", line 546, in main
    if sync_metas_file(os.path.join(DIR, "rafael.json"), RAFAEL_LIST_ID):
       ^^^^^^^^^^^^^^^^^^^^^^^^^^^^^^^^^^^^^^^^^^^^^^^^^^^^^^^^^^^^^^^^^
  File "/home/runner/work/Binario_Cloud_Metas_de_Diretorias/Binario_Cloud_Metas_de_Diretorias/automation/sync_clickup.py", line 325, in sync_metas_file
    live_tasks = api_get_all_tasks(list_id)
                 ^^^^^^^^^^^^^^^^^^^^^^^^^^
  File "/home/runner/work/Binario_Cloud_Metas_de_Diretorias/Binario_Cloud_Metas_de_Diretorias/automation/sync_clickup.py", line 128, in api_get_all_tasks
    resp = api_get(f"/list/{list_id}/task?subtasks=false&include_closed=true&page={page}{extra_params}")
           ^^^^^^^^^^^^^^^^^^^^^^^^^^^^^^^^^^^^^^^^^^^^^^^^^^^^^^^^^^^^^^^^^^^^^^^^^^^^^^^^^^^^^^^^^^^^^
  File "/home/runner/work/Binario_Cloud_Metas_de_Diretorias/Binario_Cloud_Metas_de_Diretorias/automation/sync_clickup.py", line 106, in api_get
    with urllib.request.urlopen(req, timeout=30) as resp:
         ^^^^^^^^^^^^^^^^^^^^^^^^^^^^^^^^^^^^^^^
  File "/usr/lib/python3.12/urllib/request.py", line 215, in urlopen
    return opener.open(url, data, timeout)
           ^^^^^^^^^^^^^^^^^^^^^^^^^^^^^^^
  File "/usr/lib/python3.12/urllib/request.py", line 521, in open
    response = meth(req, response)
               ^^^^^^^^^^^^^^^^^^^
  File "/usr/lib/python3.12/urllib/request.py", line 630, in http_response
    response = self.parent.error(
               ^^^^^^^^^^^^^^^^^^
  File "/usr/lib/python3.12/urllib/request.py", line 559, in error
    return self._call_chain(*args)
           ^^^^^^^^^^^^^^^^^^^^^^^
  File "/usr/lib/python3.12/urllib/request.py", line 492, in _call_chain
    result = func(*args)
             ^^^^^^^^^^^
  File "/usr/lib/python3.12/urllib/request.py", line 639, in http_error_default
    raise HTTPError(req.full_url, code, msg, hdrs, fp)
urllib.error.HTTPError: HTTP Error 401: Unauthorized

----------------------------------------------------------------------
[2026-09-07T23:08:43.359084+00:00] Tiago (geral)
Traceback (most recent call last):
  File "/home/runner/work/Binario_Cloud_Metas_de_Diretorias/Binario_Cloud_Metas_de_Diretorias/automation/sync_clickup.py", line 558, in main
    if sync_metas_file(os.path.join(DIR, "tiago.json"), TIAGO_LIST_ID):
       ^^^^^^^^^^^^^^^^^^^^^^^^^^^^^^^^^^^^^^^^^^^^^^^^^^^^^^^^^^^^^^^
  File "/home/runner/work/Binario_Cloud_Metas_de_Diretorias/Binario_Cloud_Metas_de_Diretorias/automation/sync_clickup.py", line 325, in sync_metas_file
    live_tasks = api_get_all_tasks(list_id)
                 ^^^^^^^^^^^^^^^^^^^^^^^^^^
  File "/home/runner/work/Binario_Cloud_Metas_de_Diretorias/Binario_Cloud_Metas_de_Diretorias/automation/sync_clickup.py", line 128, in api_get_all_tasks
    resp = api_get(f"/list/{list_id}/task?subtasks=false&include_closed=true&page={page}{extra_params}")
           ^^^^^^^^^^^^^^^^^^^^^^^^^^^^^^^^^^^^^^^^^^^^^^^^^^^^^^^^^^^^^^^^^^^^^^^^^^^^^^^^^^^^^^^^^^^^^
  File "/home/runner/work/Binario_Cloud_Metas_de_Diretorias/Binario_Cloud_Metas_de_Diretorias/automation/sync_clickup.py", line 106, in api_get
    with urllib.request.urlopen(req, timeout=30) as resp:
         ^^^^^^^^^^^^^^^^^^^^^^^^^^^^^^^^^^^^^^^
  File "/usr/lib/python3.12/urllib/request.py", line 215, in urlopen
    return opener.open(url, data, timeout)
           ^^^^^^^^^^^^^^^^^^^^^^^^^^^^^^^
  File "/usr/lib/python3.12/urllib/request.py", line 521, in open
    response = meth(req, response)
               ^^^^^^^^^^^^^^^^^^^
  File "/usr/lib/python3.12/urllib/request.py", line 630, in http_response
    response = self.parent.error(
               ^^^^^^^^^^^^^^^^^^
  File "/usr/lib/python3.12/urllib/request.py", line 559, in error
    return self._call_chain(*args)
           ^^^^^^^^^^^^^^^^^^^^^^^
  File "/usr/lib/python3.12/urllib/request.py", line 492, in _call_chain
    result = func(*args)
             ^^^^^^^^^^^
  File "/usr/lib/python3.12/urllib/request.py", line 639, in http_error_default
    raise HTTPError(req.full_url, code, msg, hdrs, fp)
urllib.error.HTTPError: HTTP Error 401: Unauthorized

----------------------------------------------------------------------
[2026-09-07T23:08:43.509439+00:00] RoadMap (geral)
Traceback (most recent call last):
  File "/home/runner/work/Binario_Cloud_Metas_de_Diretorias/Binario_Cloud_Metas_de_Diretorias/automation/sync_clickup.py", line 570, in main
    if sync_roadmap_file(os.path.join(DIR, "roadmap.json"), ROADMAP_LIST_ID):
       ^^^^^^^^^^^^^^^^^^^^^^^^^^^^^^^^^^^^^^^^^^^^^^^^^^^^^^^^^^^^^^^^^^^^^
  File "/home/runner/work/Binario_Cloud_Metas_de_Diretorias/Binario_Cloud_Metas_de_Diretorias/automation/sync_clickup.py", line 454, in sync_roadmap_file
    live_tasks = api_get_all_tasks(list_id)
                 ^^^^^^^^^^^^^^^^^^^^^^^^^^
  File "/home/runner/work/Binario_Cloud_Metas_de_Diretorias/Binario_Cloud_Metas_de_Diretorias/automation/sync_clickup.py", line 128, in api_get_all_tasks
    resp = api_get(f"/list/{list_id}/task?subtasks=false&include_closed=true&page={page}{extra_params}")
           ^^^^^^^^^^^^^^^^^^^^^^^^^^^^^^^^^^^^^^^^^^^^^^^^^^^^^^^^^^^^^^^^^^^^^^^^^^^^^^^^^^^^^^^^^^^^^
  File "/home/runner/work/Binario_Cloud_Metas_de_Diretorias/Binario_Cloud_Metas_de_Diretorias/automation/sync_clickup.py", line 106, in api_get
    with urllib.request.urlopen(req, timeout=30) as resp:
         ^^^^^^^^^^^^^^^^^^^^^^^^^^^^^^^^^^^^^^^
  File "/usr/lib/python3.12/urllib/request.py", line 215, in urlopen
    return opener.open(url, data, timeout)
           ^^^^^^^^^^^^^^^^^^^^^^^^^^^^^^^
  File "/usr/lib/python3.12/urllib/request.py", line 521, in open
    response = meth(req, response)
               ^^^^^^^^^^^^^^^^^^^
  File "/usr/lib/python3.12/urllib/request.py", line 630, in http_response
    response = self.parent.error(
               ^^^^^^^^^^^^^^^^^^
  File "/usr/lib/python3.12/urllib/request.py", line 559, in error
    return self._call_chain(*args)
           ^^^^^^^^^^^^^^^^^^^^^^^
  File "/usr/lib/python3.12/urllib/request.py", line 492, in _call_chain
    result = func(*args)
             ^^^^^^^^^^^
  File "/usr/lib/python3.12/urllib/request.py", line 639, in http_error_default
    raise HTTPError(req.full_url, code, msg, hdrs, fp)
urllib.error.HTTPError: HTTP Error 401: Unauthorized

----------------------------------------------------------------------
[2026-09-08T01:56:09.676092+00:00] Rafael (geral)
Traceback (most recent call last):
  File "/home/runner/work/Binario_Cloud_Metas_de_Diretorias/Binario_Cloud_Metas_de_Diretorias/automation/sync_clickup.py", line 546, in main
    if sync_metas_file(os.path.join(DIR, "rafael.json"), RAFAEL_LIST_ID):
       ^^^^^^^^^^^^^^^^^^^^^^^^^^^^^^^^^^^^^^^^^^^^^^^^^^^^^^^^^^^^^^^^^
  File "/home/runner/work/Binario_Cloud_Metas_de_Diretorias/Binario_Cloud_Metas_de_Diretorias/automation/sync_clickup.py", line 325, in sync_metas_file
    live_tasks = api_get_all_tasks(list_id)
                 ^^^^^^^^^^^^^^^^^^^^^^^^^^
  File "/home/runner/work/Binario_Cloud_Metas_de_Diretorias/Binario_Cloud_Metas_de_Diretorias/automation/sync_clickup.py", line 128, in api_get_all_tasks
    resp = api_get(f"/list/{list_id}/task?subtasks=false&include_closed=true&page={page}{extra_params}")
           ^^^^^^^^^^^^^^^^^^^^^^^^^^^^^^^^^^^^^^^^^^^^^^^^^^^^^^^^^^^^^^^^^^^^^^^^^^^^^^^^^^^^^^^^^^^^^
  File "/home/runner/work/Binario_Cloud_Metas_de_Diretorias/Binario_Cloud_Metas_de_Diretorias/automation/sync_clickup.py", line 106, in api_get
    with urllib.request.urlopen(req, timeout=30) as resp:
         ^^^^^^^^^^^^^^^^^^^^^^^^^^^^^^^^^^^^^^^
  File "/usr/lib/python3.12/urllib/request.py", line 215, in urlopen
    return opener.open(url, data, timeout)
           ^^^^^^^^^^^^^^^^^^^^^^^^^^^^^^^
  File "/usr/lib/python3.12/urllib/request.py", line 521, in open
    response = meth(req, response)
               ^^^^^^^^^^^^^^^^^^^
  File "/usr/lib/python3.12/urllib/request.py", line 630, in http_response
    response = self.parent.error(
               ^^^^^^^^^^^^^^^^^^
  File "/usr/lib/python3.12/urllib/request.py", line 559, in error
    return self._call_chain(*args)
           ^^^^^^^^^^^^^^^^^^^^^^^
  File "/usr/lib/python3.12/urllib/request.py", line 492, in _call_chain
    result = func(*args)
             ^^^^^^^^^^^
  File "/usr/lib/python3.12/urllib/request.py", line 639, in http_error_default
    raise HTTPError(req.full_url, code, msg, hdrs, fp)
urllib.error.HTTPError: HTTP Error 401: Unauthorized

----------------------------------------------------------------------
[2026-09-08T01:56:09.809177+00:00] Tiago (geral)
Traceback (most recent call last):
  File "/home/runner/work/Binario_Cloud_Metas_de_Diretorias/Binario_Cloud_Metas_de_Diretorias/automation/sync_clickup.py", line 558, in main
    if sync_metas_file(os.path.join(DIR, "tiago.json"), TIAGO_LIST_ID):
       ^^^^^^^^^^^^^^^^^^^^^^^^^^^^^^^^^^^^^^^^^^^^^^^^^^^^^^^^^^^^^^^
  File "/home/runner/work/Binario_Cloud_Metas_de_Diretorias/Binario_Cloud_Metas_de_Diretorias/automation/sync_clickup.py", line 325, in sync_metas_file
    live_tasks = api_get_all_tasks(list_id)
                 ^^^^^^^^^^^^^^^^^^^^^^^^^^
  File "/home/runner/work/Binario_Cloud_Metas_de_Diretorias/Binario_Cloud_Metas_de_Diretorias/automation/sync_clickup.py", line 128, in api_get_all_tasks
    resp = api_get(f"/list/{list_id}/task?subtasks=false&include_closed=true&page={page}{extra_params}")
           ^^^^^^^^^^^^^^^^^^^^^^^^^^^^^^^^^^^^^^^^^^^^^^^^^^^^^^^^^^^^^^^^^^^^^^^^^^^^^^^^^^^^^^^^^^^^^
  File "/home/runner/work/Binario_Cloud_Metas_de_Diretorias/Binario_Cloud_Metas_de_Diretorias/automation/sync_clickup.py", line 106, in api_get
    with urllib.request.urlopen(req, timeout=30) as resp:
         ^^^^^^^^^^^^^^^^^^^^^^^^^^^^^^^^^^^^^^^
  File "/usr/lib/python3.12/urllib/request.py", line 215, in urlopen
    return opener.open(url, data, timeout)
           ^^^^^^^^^^^^^^^^^^^^^^^^^^^^^^^
  File "/usr/lib/python3.12/urllib/request.py", line 521, in open
    response = meth(req, response)
               ^^^^^^^^^^^^^^^^^^^
  File "/usr/lib/python3.12/urllib/request.py", line 630, in http_response
    response = self.parent.error(
               ^^^^^^^^^^^^^^^^^^
  File "/usr/lib/python3.12/urllib/request.py", line 559, in error
    return self._call_chain(*args)
           ^^^^^^^^^^^^^^^^^^^^^^^
  File "/usr/lib/python3.12/urllib/request.py", line 492, in _call_chain
    result = func(*args)
             ^^^^^^^^^^^
  File "/usr/lib/python3.12/urllib/request.py", line 639, in http_error_default
    raise HTTPError(req.full_url, code, msg, hdrs, fp)
urllib.error.HTTPError: HTTP Error 401: Unauthorized

----------------------------------------------------------------------
[2026-09-08T01:56:09.960721+00:00] RoadMap (geral)
Traceback (most recent call last):
  File "/home/runner/work/Binario_Cloud_Metas_de_Diretorias/Binario_Cloud_Metas_de_Diretorias/automation/sync_clickup.py", line 570, in main
    if sync_roadmap_file(os.path.join(DIR, "roadmap.json"), ROADMAP_LIST_ID):
       ^^^^^^^^^^^^^^^^^^^^^^^^^^^^^^^^^^^^^^^^^^^^^^^^^^^^^^^^^^^^^^^^^^^^^
  File "/home/runner/work/Binario_Cloud_Metas_de_Diretorias/Binario_Cloud_Metas_de_Diretorias/automation/sync_clickup.py", line 454, in sync_roadmap_file
    live_tasks = api_get_all_tasks(list_id)
                 ^^^^^^^^^^^^^^^^^^^^^^^^^^
  File "/home/runner/work/Binario_Cloud_Metas_de_Diretorias/Binario_Cloud_Metas_de_Diretorias/automation/sync_clickup.py", line 128, in api_get_all_tasks
    resp = api_get(f"/list/{list_id}/task?subtasks=false&include_closed=true&page={page}{extra_params}")
           ^^^^^^^^^^^^^^^^^^^^^^^^^^^^^^^^^^^^^^^^^^^^^^^^^^^^^^^^^^^^^^^^^^^^^^^^^^^^^^^^^^^^^^^^^^^^^
  File "/home/runner/work/Binario_Cloud_Metas_de_Diretorias/Binario_Cloud_Metas_de_Diretorias/automation/sync_clickup.py", line 106, in api_get
    with urllib.request.urlopen(req, timeout=30) as resp:
         ^^^^^^^^^^^^^^^^^^^^^^^^^^^^^^^^^^^^^^^
  File "/usr/lib/python3.12/urllib/request.py", line 215, in urlopen
    return opener.open(url, data, timeout)
           ^^^^^^^^^^^^^^^^^^^^^^^^^^^^^^^
  File "/usr/lib/python3.12/urllib/request.py", line 521, in open
    response = meth(req, response)
               ^^^^^^^^^^^^^^^^^^^
  File "/usr/lib/python3.12/urllib/request.py", line 630, in http_response
    response = self.parent.error(
               ^^^^^^^^^^^^^^^^^^
  File "/usr/lib/python3.12/urllib/request.py", line 559, in error
    return self._call_chain(*args)
           ^^^^^^^^^^^^^^^^^^^^^^^
  File "/usr/lib/python3.12/urllib/request.py", line 492, in _call_chain
    result = func(*args)
             ^^^^^^^^^^^
  File "/usr/lib/python3.12/urllib/request.py", line 639, in http_error_default
    raise HTTPError(req.full_url, code, msg, hdrs, fp)
urllib.error.HTTPError: HTTP Error 401: Unauthorized

----------------------------------------------------------------------
[2026-09-08T06:46:29.336764+00:00] Rafael (geral)
Traceback (most recent call last):
  File "/home/runner/work/Binario_Cloud_Metas_de_Diretorias/Binario_Cloud_Metas_de_Diretorias/automation/sync_clickup.py", line 546, in main
    if sync_metas_file(os.path.join(DIR, "rafael.json"), RAFAEL_LIST_ID):
       ^^^^^^^^^^^^^^^^^^^^^^^^^^^^^^^^^^^^^^^^^^^^^^^^^^^^^^^^^^^^^^^^^
  File "/home/runner/work/Binario_Cloud_Metas_de_Diretorias/Binario_Cloud_Metas_de_Diretorias/automation/sync_clickup.py", line 325, in sync_metas_file
    live_tasks = api_get_all_tasks(list_id)
                 ^^^^^^^^^^^^^^^^^^^^^^^^^^
  File "/home/runner/work/Binario_Cloud_Metas_de_Diretorias/Binario_Cloud_Metas_de_Diretorias/automation/sync_clickup.py", line 128, in api_get_all_tasks
    resp = api_get(f"/list/{list_id}/task?subtasks=false&include_closed=true&page={page}{extra_params}")
           ^^^^^^^^^^^^^^^^^^^^^^^^^^^^^^^^^^^^^^^^^^^^^^^^^^^^^^^^^^^^^^^^^^^^^^^^^^^^^^^^^^^^^^^^^^^^^
  File "/home/runner/work/Binario_Cloud_Metas_de_Diretorias/Binario_Cloud_Metas_de_Diretorias/automation/sync_clickup.py", line 106, in api_get
    with urllib.request.urlopen(req, timeout=30) as resp:
         ^^^^^^^^^^^^^^^^^^^^^^^^^^^^^^^^^^^^^^^
  File "/usr/lib/python3.12/urllib/request.py", line 215, in urlopen
    return opener.open(url, data, timeout)
           ^^^^^^^^^^^^^^^^^^^^^^^^^^^^^^^
  File "/usr/lib/python3.12/urllib/request.py", line 521, in open
    response = meth(req, response)
               ^^^^^^^^^^^^^^^^^^^
  File "/usr/lib/python3.12/urllib/request.py", line 630, in http_response
    response = self.parent.error(
               ^^^^^^^^^^^^^^^^^^
  File "/usr/lib/python3.12/urllib/request.py", line 559, in error
    return self._call_chain(*args)
           ^^^^^^^^^^^^^^^^^^^^^^^
  File "/usr/lib/python3.12/urllib/request.py", line 492, in _call_chain
    result = func(*args)
             ^^^^^^^^^^^
  File "/usr/lib/python3.12/urllib/request.py", line 639, in http_error_default
    raise HTTPError(req.full_url, code, msg, hdrs, fp)
urllib.error.HTTPError: HTTP Error 401: Unauthorized

----------------------------------------------------------------------
[2026-09-08T06:46:29.428468+00:00] Tiago (geral)
Traceback (most recent call last):
  File "/home/runner/work/Binario_Cloud_Metas_de_Diretorias/Binario_Cloud_Metas_de_Diretorias/automation/sync_clickup.py", line 558, in main
    if sync_metas_file(os.path.join(DIR, "tiago.json"), TIAGO_LIST_ID):
       ^^^^^^^^^^^^^^^^^^^^^^^^^^^^^^^^^^^^^^^^^^^^^^^^^^^^^^^^^^^^^^^
  File "/home/runner/work/Binario_Cloud_Metas_de_Diretorias/Binario_Cloud_Metas_de_Diretorias/automation/sync_clickup.py", line 325, in sync_metas_file
    live_tasks = api_get_all_tasks(list_id)
                 ^^^^^^^^^^^^^^^^^^^^^^^^^^
  File "/home/runner/work/Binario_Cloud_Metas_de_Diretorias/Binario_Cloud_Metas_de_Diretorias/automation/sync_clickup.py", line 128, in api_get_all_tasks
    resp = api_get(f"/list/{list_id}/task?subtasks=false&include_closed=true&page={page}{extra_params}")
           ^^^^^^^^^^^^^^^^^^^^^^^^^^^^^^^^^^^^^^^^^^^^^^^^^^^^^^^^^^^^^^^^^^^^^^^^^^^^^^^^^^^^^^^^^^^^^
  File "/home/runner/work/Binario_Cloud_Metas_de_Diretorias/Binario_Cloud_Metas_de_Diretorias/automation/sync_clickup.py", line 106, in api_get
    with urllib.request.urlopen(req, timeout=30) as resp:
         ^^^^^^^^^^^^^^^^^^^^^^^^^^^^^^^^^^^^^^^
  File "/usr/lib/python3.12/urllib/request.py", line 215, in urlopen
    return opener.open(url, data, timeout)
           ^^^^^^^^^^^^^^^^^^^^^^^^^^^^^^^
  File "/usr/lib/python3.12/urllib/request.py", line 521, in open
    response = meth(req, response)
               ^^^^^^^^^^^^^^^^^^^
  File "/usr/lib/python3.12/urllib/request.py", line 630, in http_response
    response = self.parent.error(
               ^^^^^^^^^^^^^^^^^^
  File "/usr/lib/python3.12/urllib/request.py", line 559, in error
    return self._call_chain(*args)
           ^^^^^^^^^^^^^^^^^^^^^^^
  File "/usr/lib/python3.12/urllib/request.py", line 492, in _call_chain
    result = func(*args)
             ^^^^^^^^^^^
  File "/usr/lib/python3.12/urllib/request.py", line 639, in http_error_default
    raise HTTPError(req.full_url, code, msg, hdrs, fp)
urllib.error.HTTPError: HTTP Error 401: Unauthorized

----------------------------------------------------------------------
[2026-09-08T06:46:29.535387+00:00] RoadMap (geral)
Traceback (most recent call last):
  File "/home/runner/work/Binario_Cloud_Metas_de_Diretorias/Binario_Cloud_Metas_de_Diretorias/automation/sync_clickup.py", line 570, in main
    if sync_roadmap_file(os.path.join(DIR, "roadmap.json"), ROADMAP_LIST_ID):
       ^^^^^^^^^^^^^^^^^^^^^^^^^^^^^^^^^^^^^^^^^^^^^^^^^^^^^^^^^^^^^^^^^^^^^
  File "/home/runner/work/Binario_Cloud_Metas_de_Diretorias/Binario_Cloud_Metas_de_Diretorias/automation/sync_clickup.py", line 454, in sync_roadmap_file
    live_tasks = api_get_all_tasks(list_id)
                 ^^^^^^^^^^^^^^^^^^^^^^^^^^
  File "/home/runner/work/Binario_Cloud_Metas_de_Diretorias/Binario_Cloud_Metas_de_Diretorias/automation/sync_clickup.py", line 128, in api_get_all_tasks
    resp = api_get(f"/list/{list_id}/task?subtasks=false&include_closed=true&page={page}{extra_params}")
           ^^^^^^^^^^^^^^^^^^^^^^^^^^^^^^^^^^^^^^^^^^^^^^^^^^^^^^^^^^^^^^^^^^^^^^^^^^^^^^^^^^^^^^^^^^^^^
  File "/home/runner/work/Binario_Cloud_Metas_de_Diretorias/Binario_Cloud_Metas_de_Diretorias/automation/sync_clickup.py", line 106, in api_get
    with urllib.request.urlopen(req, timeout=30) as resp:
         ^^^^^^^^^^^^^^^^^^^^^^^^^^^^^^^^^^^^^^^
  File "/usr/lib/python3.12/urllib/request.py", line 215, in urlopen
    return opener.open(url, data, timeout)
           ^^^^^^^^^^^^^^^^^^^^^^^^^^^^^^^
  File "/usr/lib/python3.12/urllib/request.py", line 521, in open
    response = meth(req, response)
               ^^^^^^^^^^^^^^^^^^^
  File "/usr/lib/python3.12/urllib/request.py", line 630, in http_response
    response = self.parent.error(
               ^^^^^^^^^^^^^^^^^^
  File "/usr/lib/python3.12/urllib/request.py", line 559, in error
    return self._call_chain(*args)
           ^^^^^^^^^^^^^^^^^^^^^^^
  File "/usr/lib/python3.12/urllib/request.py", line 492, in _call_chain
    result = func(*args)
             ^^^^^^^^^^^
  File "/usr/lib/python3.12/urllib/request.py", line 639, in http_error_default
    raise HTTPError(req.full_url, code, msg, hdrs, fp)
urllib.error.HTTPError: HTTP Error 401: Unauthorized

----------------------------------------------------------------------
